Copyright 1986-2022 Xilinx, Inc. All Rights Reserved. Copyright 2022-2025 Advanced Micro Devices, Inc. All Rights Reserved.
---------------------------------------------------------------------------------------------------------------------------------------------------------------------------------------------------------------------------
| Tool Version : Vivado v.2025.1 (win64) Build 6140274 Thu May 22 00:12:29 MDT 2025
| Date         : Thu Oct 30 11:50:28 2025
| Host         : Jacobs-Laptop running 64-bit major release  (build 9200)
| Command      : report_timing_summary -max_paths 10 -routable_nets -report_unconstrained -file psadb_timing_summary_routed.rpt -pb psadb_timing_summary_routed.pb -rpx psadb_timing_summary_routed.rpx -warn_on_violation
| Design       : psadb
| Device       : 7a35t-cpg236
| Speed File   : -1  PRODUCTION 1.23 2018-06-13
| Design State : Routed
---------------------------------------------------------------------------------------------------------------------------------------------------------------------------------------------------------------------------

Timing Summary Report

------------------------------------------------------------------------------------------------
| Timer Settings
| --------------
------------------------------------------------------------------------------------------------

  Enable Multi Corner Analysis               :  Yes
  Enable Pessimism Removal                   :  Yes
  Pessimism Removal Resolution               :  Nearest Common Node
  Enable Input Delay Default Clock           :  No
  Enable Preset / Clear Arcs                 :  No
  Disable Flight Delays                      :  No
  Ignore I/O Paths                           :  No
  Timing Early Launch at Borrowing Latches   :  No
  Borrow Time for Max Delay Exceptions       :  Yes
  Merge Timing Exceptions                    :  Yes
  Inter-SLR Compensation                     :  Conservative

  Corner  Analyze    Analyze    
  Name    Max Paths  Min Paths  
  ------  ---------  ---------  
  Slow    Yes        Yes        
  Fast    Yes        Yes        


------------------------------------------------------------------------------------------------
| Report Methodology
| ------------------
------------------------------------------------------------------------------------------------

Rule       Severity          Description                  Violations  
---------  ----------------  ---------------------------  ----------  
TIMING-17  Critical Warning  Non-clocked sequential cell  9           

Note: This report is based on the most recent report_methodology run and may not be up-to-date. Run report_methodology on the current design for the latest report.



check_timing report

Table of Contents
-----------------
1. checking no_clock (9)
2. checking constant_clock (0)
3. checking pulse_width_clock (0)
4. checking unconstrained_internal_endpoints (9)
5. checking no_input_delay (5)
6. checking no_output_delay (11)
7. checking multiple_clock (0)
8. checking generated_clocks (0)
9. checking loops (0)
10. checking partial_input_delay (0)
11. checking partial_output_delay (0)
12. checking latch_loops (0)

1. checking no_clock (9)
------------------------
 There are 9 register/latch pins with no clock driven by root clock pin: SC_INST/clk_out1_reg/Q (HIGH)


2. checking constant_clock (0)
------------------------------
 There are 0 register/latch pins with constant_clock.


3. checking pulse_width_clock (0)
---------------------------------
 There are 0 register/latch pins which need pulse_width check


4. checking unconstrained_internal_endpoints (9)
------------------------------------------------
 There are 9 pins that are not constrained for maximum delay. (HIGH)

 There are 0 pins that are not constrained for maximum delay due to constant clock.


5. checking no_input_delay (5)
------------------------------
 There are 5 input ports with no input delay specified. (HIGH)

 There are 0 input ports with no input delay but user has a false path constraint.


6. checking no_output_delay (11)
--------------------------------
 There are 11 ports with no output delay specified. (HIGH)

 There are 0 ports with no output delay but user has a false path constraint

 There are 0 ports with no output delay but with a timing clock defined on it or propagating through it


7. checking multiple_clock (0)
------------------------------
 There are 0 register/latch pins with multiple clocks.


8. checking generated_clocks (0)
--------------------------------
 There are 0 generated clocks that are not connected to a clock source.


9. checking loops (0)
---------------------
 There are 0 combinational loops in the design.


10. checking partial_input_delay (0)
------------------------------------
 There are 0 input ports with partial input delay specified.


11. checking partial_output_delay (0)
-------------------------------------
 There are 0 ports with partial output delay specified.


12. checking latch_loops (0)
----------------------------
 There are 0 combinational latch loops in the design through latch input



------------------------------------------------------------------------------------------------
| Design Timing Summary
| ---------------------
------------------------------------------------------------------------------------------------

    WNS(ns)      TNS(ns)  TNS Failing Endpoints  TNS Total Endpoints      WHS(ns)      THS(ns)  THS Failing Endpoints  THS Total Endpoints     WPWS(ns)     TPWS(ns)  TPWS Failing Endpoints  TPWS Total Endpoints  
    -------      -------  ---------------------  -------------------      -------      -------  ---------------------  -------------------     --------     --------  ----------------------  --------------------  
      5.430        0.000                      0                   53        0.265        0.000                      0                   53        4.500        0.000                       0                    28  


All user specified timing constraints are met.


------------------------------------------------------------------------------------------------
| Clock Summary
| -------------
------------------------------------------------------------------------------------------------

Clock        Waveform(ns)       Period(ns)      Frequency(MHz)
-----        ------------       ----------      --------------
sys_clk_pin  {0.000 5.000}      10.000          100.000         


------------------------------------------------------------------------------------------------
| Intra Clock Table
| -----------------
------------------------------------------------------------------------------------------------

Clock             WNS(ns)      TNS(ns)  TNS Failing Endpoints  TNS Total Endpoints      WHS(ns)      THS(ns)  THS Failing Endpoints  THS Total Endpoints     WPWS(ns)     TPWS(ns)  TPWS Failing Endpoints  TPWS Total Endpoints  
-----             -------      -------  ---------------------  -------------------      -------      -------  ---------------------  -------------------     --------     --------  ----------------------  --------------------  
sys_clk_pin         5.430        0.000                      0                   53        0.265        0.000                      0                   53        4.500        0.000                       0                    28  


------------------------------------------------------------------------------------------------
| Inter Clock Table
| -----------------
------------------------------------------------------------------------------------------------

From Clock    To Clock          WNS(ns)      TNS(ns)  TNS Failing Endpoints  TNS Total Endpoints      WHS(ns)      THS(ns)  THS Failing Endpoints  THS Total Endpoints  
----------    --------          -------      -------  ---------------------  -------------------      -------      -------  ---------------------  -------------------  


------------------------------------------------------------------------------------------------
| Other Path Groups Table
| -----------------------
------------------------------------------------------------------------------------------------

Path Group    From Clock    To Clock          WNS(ns)      TNS(ns)  TNS Failing Endpoints  TNS Total Endpoints      WHS(ns)      THS(ns)  THS Failing Endpoints  THS Total Endpoints  
----------    ----------    --------          -------      -------  ---------------------  -------------------      -------      -------  ---------------------  -------------------  


------------------------------------------------------------------------------------------------
| User Ignored Path Table
| -----------------------
------------------------------------------------------------------------------------------------

Path Group    From Clock    To Clock    
----------    ----------    --------    


------------------------------------------------------------------------------------------------
| Unconstrained Path Table
| ------------------------
------------------------------------------------------------------------------------------------

Path Group    From Clock    To Clock    
----------    ----------    --------    
(none)                                    


------------------------------------------------------------------------------------------------
| Timing Details
| --------------
------------------------------------------------------------------------------------------------


---------------------------------------------------------------------------------------------------
From Clock:  sys_clk_pin
  To Clock:  sys_clk_pin

Setup :            0  Failing Endpoints,  Worst Slack        5.430ns,  Total Violation        0.000ns
Hold  :            0  Failing Endpoints,  Worst Slack        0.265ns,  Total Violation        0.000ns
PW    :            0  Failing Endpoints,  Worst Slack        4.500ns,  Total Violation        0.000ns
---------------------------------------------------------------------------------------------------


Max Delay Paths
--------------------------------------------------------------------------------------
Slack (MET) :             5.430ns  (required time - arrival time)
  Source:                 SC_INST/counter_reg[20]/C
                            (rising edge-triggered cell FDRE clocked by sys_clk_pin  {rise@0.000ns fall@5.000ns period=10.000ns})
  Destination:            SC_INST/counter_reg[25]/R
                            (rising edge-triggered cell FDRE clocked by sys_clk_pin  {rise@0.000ns fall@5.000ns period=10.000ns})
  Path Group:             sys_clk_pin
  Path Type:              Setup (Max at Slow Process Corner)
  Requirement:            10.000ns  (sys_clk_pin rise@10.000ns - sys_clk_pin rise@0.000ns)
  Data Path Delay:        3.985ns  (logic 0.766ns (19.221%)  route 3.219ns (80.779%))
  Logic Levels:           2  (LUT6=2)
  Clock Path Skew:        -0.025ns (DCD - SCD + CPR)
    Destination Clock Delay (DCD):    4.843ns = ( 14.843 - 10.000 ) 
    Source Clock Delay      (SCD):    5.142ns
    Clock Pessimism Removal (CPR):    0.274ns
  Clock Uncertainty:      0.035ns  ((TSJ^2 + TIJ^2)^1/2 + DJ) / 2 + PE
    Total System Jitter     (TSJ):    0.071ns
    Total Input Jitter      (TIJ):    0.000ns
    Discrete Jitter          (DJ):    0.000ns
    Phase Error              (PE):    0.000ns

    Location             Delay type                Incr(ns)  Path(ns)    Netlist Resource(s)
  -------------------------------------------------------------------    -------------------
                         (clock sys_clk_pin rise edge)
                                                      0.000     0.000 r  
    W5                                                0.000     0.000 r  clk_in (IN)
                         net (fo=0)                   0.000     0.000    clk_in
    W5                   IBUF (Prop_ibuf_I_O)         1.458     1.458 r  clk_in_IBUF_inst/O
                         net (fo=1, routed)           1.967     3.425    clk_in_IBUF
    BUFGCTRL_X0Y0        BUFG (Prop_bufg_I_O)         0.096     3.521 r  clk_in_IBUF_BUFG_inst/O
                         net (fo=27, routed)          1.621     5.142    SC_INST/clk_out1_reg_0
    SLICE_X64Y22         FDRE                                         r  SC_INST/counter_reg[20]/C
  -------------------------------------------------------------------    -------------------
    SLICE_X64Y22         FDRE (Prop_fdre_C_Q)         0.518     5.660 f  SC_INST/counter_reg[20]/Q
                         net (fo=2, routed)           0.811     6.471    SC_INST/counter[20]
    SLICE_X65Y23         LUT6 (Prop_lut6_I2_O)        0.124     6.595 r  SC_INST/counter[25]_i_3/O
                         net (fo=2, routed)           1.091     7.686    SC_INST/counter[25]_i_3_n_0
    SLICE_X65Y19         LUT6 (Prop_lut6_I1_O)        0.124     7.810 r  SC_INST/counter[25]_i_1/O
                         net (fo=26, routed)          1.317     9.128    SC_INST/clk_out1
    SLICE_X64Y24         FDRE                                         r  SC_INST/counter_reg[25]/R
  -------------------------------------------------------------------    -------------------

                         (clock sys_clk_pin rise edge)
                                                     10.000    10.000 r  
    W5                                                0.000    10.000 r  clk_in (IN)
                         net (fo=0)                   0.000    10.000    clk_in
    W5                   IBUF (Prop_ibuf_I_O)         1.388    11.388 r  clk_in_IBUF_inst/O
                         net (fo=1, routed)           1.862    13.250    clk_in_IBUF
    BUFGCTRL_X0Y0        BUFG (Prop_bufg_I_O)         0.091    13.341 r  clk_in_IBUF_BUFG_inst/O
                         net (fo=27, routed)          1.502    14.843    SC_INST/clk_out1_reg_0
    SLICE_X64Y24         FDRE                                         r  SC_INST/counter_reg[25]/C
                         clock pessimism              0.274    15.117    
                         clock uncertainty           -0.035    15.082    
    SLICE_X64Y24         FDRE (Setup_fdre_C_R)       -0.524    14.558    SC_INST/counter_reg[25]
  -------------------------------------------------------------------
                         required time                         14.558    
                         arrival time                          -9.128    
  -------------------------------------------------------------------
                         slack                                  5.430    

Slack (MET) :             5.571ns  (required time - arrival time)
  Source:                 SC_INST/counter_reg[20]/C
                            (rising edge-triggered cell FDRE clocked by sys_clk_pin  {rise@0.000ns fall@5.000ns period=10.000ns})
  Destination:            SC_INST/counter_reg[21]/R
                            (rising edge-triggered cell FDRE clocked by sys_clk_pin  {rise@0.000ns fall@5.000ns period=10.000ns})
  Path Group:             sys_clk_pin
  Path Type:              Setup (Max at Slow Process Corner)
  Requirement:            10.000ns  (sys_clk_pin rise@10.000ns - sys_clk_pin rise@0.000ns)
  Data Path Delay:        3.847ns  (logic 0.766ns (19.913%)  route 3.081ns (80.087%))
  Logic Levels:           2  (LUT6=2)
  Clock Path Skew:        -0.023ns (DCD - SCD + CPR)
    Destination Clock Delay (DCD):    4.845ns = ( 14.845 - 10.000 ) 
    Source Clock Delay      (SCD):    5.142ns
    Clock Pessimism Removal (CPR):    0.274ns
  Clock Uncertainty:      0.035ns  ((TSJ^2 + TIJ^2)^1/2 + DJ) / 2 + PE
    Total System Jitter     (TSJ):    0.071ns
    Total Input Jitter      (TIJ):    0.000ns
    Discrete Jitter          (DJ):    0.000ns
    Phase Error              (PE):    0.000ns

    Location             Delay type                Incr(ns)  Path(ns)    Netlist Resource(s)
  -------------------------------------------------------------------    -------------------
                         (clock sys_clk_pin rise edge)
                                                      0.000     0.000 r  
    W5                                                0.000     0.000 r  clk_in (IN)
                         net (fo=0)                   0.000     0.000    clk_in
    W5                   IBUF (Prop_ibuf_I_O)         1.458     1.458 r  clk_in_IBUF_inst/O
                         net (fo=1, routed)           1.967     3.425    clk_in_IBUF
    BUFGCTRL_X0Y0        BUFG (Prop_bufg_I_O)         0.096     3.521 r  clk_in_IBUF_BUFG_inst/O
                         net (fo=27, routed)          1.621     5.142    SC_INST/clk_out1_reg_0
    SLICE_X64Y22         FDRE                                         r  SC_INST/counter_reg[20]/C
  -------------------------------------------------------------------    -------------------
    SLICE_X64Y22         FDRE (Prop_fdre_C_Q)         0.518     5.660 f  SC_INST/counter_reg[20]/Q
                         net (fo=2, routed)           0.811     6.471    SC_INST/counter[20]
    SLICE_X65Y23         LUT6 (Prop_lut6_I2_O)        0.124     6.595 r  SC_INST/counter[25]_i_3/O
                         net (fo=2, routed)           1.091     7.686    SC_INST/counter[25]_i_3_n_0
    SLICE_X65Y19         LUT6 (Prop_lut6_I1_O)        0.124     7.810 r  SC_INST/counter[25]_i_1/O
                         net (fo=26, routed)          1.179     8.989    SC_INST/clk_out1
    SLICE_X64Y23         FDRE                                         r  SC_INST/counter_reg[21]/R
  -------------------------------------------------------------------    -------------------

                         (clock sys_clk_pin rise edge)
                                                     10.000    10.000 r  
    W5                                                0.000    10.000 r  clk_in (IN)
                         net (fo=0)                   0.000    10.000    clk_in
    W5                   IBUF (Prop_ibuf_I_O)         1.388    11.388 r  clk_in_IBUF_inst/O
                         net (fo=1, routed)           1.862    13.250    clk_in_IBUF
    BUFGCTRL_X0Y0        BUFG (Prop_bufg_I_O)         0.091    13.341 r  clk_in_IBUF_BUFG_inst/O
                         net (fo=27, routed)          1.504    14.845    SC_INST/clk_out1_reg_0
    SLICE_X64Y23         FDRE                                         r  SC_INST/counter_reg[21]/C
                         clock pessimism              0.274    15.119    
                         clock uncertainty           -0.035    15.084    
    SLICE_X64Y23         FDRE (Setup_fdre_C_R)       -0.524    14.560    SC_INST/counter_reg[21]
  -------------------------------------------------------------------
                         required time                         14.560    
                         arrival time                          -8.989    
  -------------------------------------------------------------------
                         slack                                  5.571    

Slack (MET) :             5.571ns  (required time - arrival time)
  Source:                 SC_INST/counter_reg[20]/C
                            (rising edge-triggered cell FDRE clocked by sys_clk_pin  {rise@0.000ns fall@5.000ns period=10.000ns})
  Destination:            SC_INST/counter_reg[22]/R
                            (rising edge-triggered cell FDRE clocked by sys_clk_pin  {rise@0.000ns fall@5.000ns period=10.000ns})
  Path Group:             sys_clk_pin
  Path Type:              Setup (Max at Slow Process Corner)
  Requirement:            10.000ns  (sys_clk_pin rise@10.000ns - sys_clk_pin rise@0.000ns)
  Data Path Delay:        3.847ns  (logic 0.766ns (19.913%)  route 3.081ns (80.087%))
  Logic Levels:           2  (LUT6=2)
  Clock Path Skew:        -0.023ns (DCD - SCD + CPR)
    Destination Clock Delay (DCD):    4.845ns = ( 14.845 - 10.000 ) 
    Source Clock Delay      (SCD):    5.142ns
    Clock Pessimism Removal (CPR):    0.274ns
  Clock Uncertainty:      0.035ns  ((TSJ^2 + TIJ^2)^1/2 + DJ) / 2 + PE
    Total System Jitter     (TSJ):    0.071ns
    Total Input Jitter      (TIJ):    0.000ns
    Discrete Jitter          (DJ):    0.000ns
    Phase Error              (PE):    0.000ns

    Location             Delay type                Incr(ns)  Path(ns)    Netlist Resource(s)
  -------------------------------------------------------------------    -------------------
                         (clock sys_clk_pin rise edge)
                                                      0.000     0.000 r  
    W5                                                0.000     0.000 r  clk_in (IN)
                         net (fo=0)                   0.000     0.000    clk_in
    W5                   IBUF (Prop_ibuf_I_O)         1.458     1.458 r  clk_in_IBUF_inst/O
                         net (fo=1, routed)           1.967     3.425    clk_in_IBUF
    BUFGCTRL_X0Y0        BUFG (Prop_bufg_I_O)         0.096     3.521 r  clk_in_IBUF_BUFG_inst/O
                         net (fo=27, routed)          1.621     5.142    SC_INST/clk_out1_reg_0
    SLICE_X64Y22         FDRE                                         r  SC_INST/counter_reg[20]/C
  -------------------------------------------------------------------    -------------------
    SLICE_X64Y22         FDRE (Prop_fdre_C_Q)         0.518     5.660 f  SC_INST/counter_reg[20]/Q
                         net (fo=2, routed)           0.811     6.471    SC_INST/counter[20]
    SLICE_X65Y23         LUT6 (Prop_lut6_I2_O)        0.124     6.595 r  SC_INST/counter[25]_i_3/O
                         net (fo=2, routed)           1.091     7.686    SC_INST/counter[25]_i_3_n_0
    SLICE_X65Y19         LUT6 (Prop_lut6_I1_O)        0.124     7.810 r  SC_INST/counter[25]_i_1/O
                         net (fo=26, routed)          1.179     8.989    SC_INST/clk_out1
    SLICE_X64Y23         FDRE                                         r  SC_INST/counter_reg[22]/R
  -------------------------------------------------------------------    -------------------

                         (clock sys_clk_pin rise edge)
                                                     10.000    10.000 r  
    W5                                                0.000    10.000 r  clk_in (IN)
                         net (fo=0)                   0.000    10.000    clk_in
    W5                   IBUF (Prop_ibuf_I_O)         1.388    11.388 r  clk_in_IBUF_inst/O
                         net (fo=1, routed)           1.862    13.250    clk_in_IBUF
    BUFGCTRL_X0Y0        BUFG (Prop_bufg_I_O)         0.091    13.341 r  clk_in_IBUF_BUFG_inst/O
                         net (fo=27, routed)          1.504    14.845    SC_INST/clk_out1_reg_0
    SLICE_X64Y23         FDRE                                         r  SC_INST/counter_reg[22]/C
                         clock pessimism              0.274    15.119    
                         clock uncertainty           -0.035    15.084    
    SLICE_X64Y23         FDRE (Setup_fdre_C_R)       -0.524    14.560    SC_INST/counter_reg[22]
  -------------------------------------------------------------------
                         required time                         14.560    
                         arrival time                          -8.989    
  -------------------------------------------------------------------
                         slack                                  5.571    

Slack (MET) :             5.571ns  (required time - arrival time)
  Source:                 SC_INST/counter_reg[20]/C
                            (rising edge-triggered cell FDRE clocked by sys_clk_pin  {rise@0.000ns fall@5.000ns period=10.000ns})
  Destination:            SC_INST/counter_reg[23]/R
                            (rising edge-triggered cell FDRE clocked by sys_clk_pin  {rise@0.000ns fall@5.000ns period=10.000ns})
  Path Group:             sys_clk_pin
  Path Type:              Setup (Max at Slow Process Corner)
  Requirement:            10.000ns  (sys_clk_pin rise@10.000ns - sys_clk_pin rise@0.000ns)
  Data Path Delay:        3.847ns  (logic 0.766ns (19.913%)  route 3.081ns (80.087%))
  Logic Levels:           2  (LUT6=2)
  Clock Path Skew:        -0.023ns (DCD - SCD + CPR)
    Destination Clock Delay (DCD):    4.845ns = ( 14.845 - 10.000 ) 
    Source Clock Delay      (SCD):    5.142ns
    Clock Pessimism Removal (CPR):    0.274ns
  Clock Uncertainty:      0.035ns  ((TSJ^2 + TIJ^2)^1/2 + DJ) / 2 + PE
    Total System Jitter     (TSJ):    0.071ns
    Total Input Jitter      (TIJ):    0.000ns
    Discrete Jitter          (DJ):    0.000ns
    Phase Error              (PE):    0.000ns

    Location             Delay type                Incr(ns)  Path(ns)    Netlist Resource(s)
  -------------------------------------------------------------------    -------------------
                         (clock sys_clk_pin rise edge)
                                                      0.000     0.000 r  
    W5                                                0.000     0.000 r  clk_in (IN)
                         net (fo=0)                   0.000     0.000    clk_in
    W5                   IBUF (Prop_ibuf_I_O)         1.458     1.458 r  clk_in_IBUF_inst/O
                         net (fo=1, routed)           1.967     3.425    clk_in_IBUF
    BUFGCTRL_X0Y0        BUFG (Prop_bufg_I_O)         0.096     3.521 r  clk_in_IBUF_BUFG_inst/O
                         net (fo=27, routed)          1.621     5.142    SC_INST/clk_out1_reg_0
    SLICE_X64Y22         FDRE                                         r  SC_INST/counter_reg[20]/C
  -------------------------------------------------------------------    -------------------
    SLICE_X64Y22         FDRE (Prop_fdre_C_Q)         0.518     5.660 f  SC_INST/counter_reg[20]/Q
                         net (fo=2, routed)           0.811     6.471    SC_INST/counter[20]
    SLICE_X65Y23         LUT6 (Prop_lut6_I2_O)        0.124     6.595 r  SC_INST/counter[25]_i_3/O
                         net (fo=2, routed)           1.091     7.686    SC_INST/counter[25]_i_3_n_0
    SLICE_X65Y19         LUT6 (Prop_lut6_I1_O)        0.124     7.810 r  SC_INST/counter[25]_i_1/O
                         net (fo=26, routed)          1.179     8.989    SC_INST/clk_out1
    SLICE_X64Y23         FDRE                                         r  SC_INST/counter_reg[23]/R
  -------------------------------------------------------------------    -------------------

                         (clock sys_clk_pin rise edge)
                                                     10.000    10.000 r  
    W5                                                0.000    10.000 r  clk_in (IN)
                         net (fo=0)                   0.000    10.000    clk_in
    W5                   IBUF (Prop_ibuf_I_O)         1.388    11.388 r  clk_in_IBUF_inst/O
                         net (fo=1, routed)           1.862    13.250    clk_in_IBUF
    BUFGCTRL_X0Y0        BUFG (Prop_bufg_I_O)         0.091    13.341 r  clk_in_IBUF_BUFG_inst/O
                         net (fo=27, routed)          1.504    14.845    SC_INST/clk_out1_reg_0
    SLICE_X64Y23         FDRE                                         r  SC_INST/counter_reg[23]/C
                         clock pessimism              0.274    15.119    
                         clock uncertainty           -0.035    15.084    
    SLICE_X64Y23         FDRE (Setup_fdre_C_R)       -0.524    14.560    SC_INST/counter_reg[23]
  -------------------------------------------------------------------
                         required time                         14.560    
                         arrival time                          -8.989    
  -------------------------------------------------------------------
                         slack                                  5.571    

Slack (MET) :             5.571ns  (required time - arrival time)
  Source:                 SC_INST/counter_reg[20]/C
                            (rising edge-triggered cell FDRE clocked by sys_clk_pin  {rise@0.000ns fall@5.000ns period=10.000ns})
  Destination:            SC_INST/counter_reg[24]/R
                            (rising edge-triggered cell FDRE clocked by sys_clk_pin  {rise@0.000ns fall@5.000ns period=10.000ns})
  Path Group:             sys_clk_pin
  Path Type:              Setup (Max at Slow Process Corner)
  Requirement:            10.000ns  (sys_clk_pin rise@10.000ns - sys_clk_pin rise@0.000ns)
  Data Path Delay:        3.847ns  (logic 0.766ns (19.913%)  route 3.081ns (80.087%))
  Logic Levels:           2  (LUT6=2)
  Clock Path Skew:        -0.023ns (DCD - SCD + CPR)
    Destination Clock Delay (DCD):    4.845ns = ( 14.845 - 10.000 ) 
    Source Clock Delay      (SCD):    5.142ns
    Clock Pessimism Removal (CPR):    0.274ns
  Clock Uncertainty:      0.035ns  ((TSJ^2 + TIJ^2)^1/2 + DJ) / 2 + PE
    Total System Jitter     (TSJ):    0.071ns
    Total Input Jitter      (TIJ):    0.000ns
    Discrete Jitter          (DJ):    0.000ns
    Phase Error              (PE):    0.000ns

    Location             Delay type                Incr(ns)  Path(ns)    Netlist Resource(s)
  -------------------------------------------------------------------    -------------------
                         (clock sys_clk_pin rise edge)
                                                      0.000     0.000 r  
    W5                                                0.000     0.000 r  clk_in (IN)
                         net (fo=0)                   0.000     0.000    clk_in
    W5                   IBUF (Prop_ibuf_I_O)         1.458     1.458 r  clk_in_IBUF_inst/O
                         net (fo=1, routed)           1.967     3.425    clk_in_IBUF
    BUFGCTRL_X0Y0        BUFG (Prop_bufg_I_O)         0.096     3.521 r  clk_in_IBUF_BUFG_inst/O
                         net (fo=27, routed)          1.621     5.142    SC_INST/clk_out1_reg_0
    SLICE_X64Y22         FDRE                                         r  SC_INST/counter_reg[20]/C
  -------------------------------------------------------------------    -------------------
    SLICE_X64Y22         FDRE (Prop_fdre_C_Q)         0.518     5.660 f  SC_INST/counter_reg[20]/Q
                         net (fo=2, routed)           0.811     6.471    SC_INST/counter[20]
    SLICE_X65Y23         LUT6 (Prop_lut6_I2_O)        0.124     6.595 r  SC_INST/counter[25]_i_3/O
                         net (fo=2, routed)           1.091     7.686    SC_INST/counter[25]_i_3_n_0
    SLICE_X65Y19         LUT6 (Prop_lut6_I1_O)        0.124     7.810 r  SC_INST/counter[25]_i_1/O
                         net (fo=26, routed)          1.179     8.989    SC_INST/clk_out1
    SLICE_X64Y23         FDRE                                         r  SC_INST/counter_reg[24]/R
  -------------------------------------------------------------------    -------------------

                         (clock sys_clk_pin rise edge)
                                                     10.000    10.000 r  
    W5                                                0.000    10.000 r  clk_in (IN)
                         net (fo=0)                   0.000    10.000    clk_in
    W5                   IBUF (Prop_ibuf_I_O)         1.388    11.388 r  clk_in_IBUF_inst/O
                         net (fo=1, routed)           1.862    13.250    clk_in_IBUF
    BUFGCTRL_X0Y0        BUFG (Prop_bufg_I_O)         0.091    13.341 r  clk_in_IBUF_BUFG_inst/O
                         net (fo=27, routed)          1.504    14.845    SC_INST/clk_out1_reg_0
    SLICE_X64Y23         FDRE                                         r  SC_INST/counter_reg[24]/C
                         clock pessimism              0.274    15.119    
                         clock uncertainty           -0.035    15.084    
    SLICE_X64Y23         FDRE (Setup_fdre_C_R)       -0.524    14.560    SC_INST/counter_reg[24]
  -------------------------------------------------------------------
                         required time                         14.560    
                         arrival time                          -8.989    
  -------------------------------------------------------------------
                         slack                                  5.571    

Slack (MET) :             5.742ns  (required time - arrival time)
  Source:                 SC_INST/counter_reg[20]/C
                            (rising edge-triggered cell FDRE clocked by sys_clk_pin  {rise@0.000ns fall@5.000ns period=10.000ns})
  Destination:            SC_INST/counter_reg[17]/R
                            (rising edge-triggered cell FDRE clocked by sys_clk_pin  {rise@0.000ns fall@5.000ns period=10.000ns})
  Path Group:             sys_clk_pin
  Path Type:              Setup (Max at Slow Process Corner)
  Requirement:            10.000ns  (sys_clk_pin rise@10.000ns - sys_clk_pin rise@0.000ns)
  Data Path Delay:        3.699ns  (logic 0.766ns (20.711%)  route 2.933ns (79.289%))
  Logic Levels:           2  (LUT6=2)
  Clock Path Skew:        0.000ns (DCD - SCD + CPR)
    Destination Clock Delay (DCD):    4.846ns = ( 14.846 - 10.000 ) 
    Source Clock Delay      (SCD):    5.142ns
    Clock Pessimism Removal (CPR):    0.296ns
  Clock Uncertainty:      0.035ns  ((TSJ^2 + TIJ^2)^1/2 + DJ) / 2 + PE
    Total System Jitter     (TSJ):    0.071ns
    Total Input Jitter      (TIJ):    0.000ns
    Discrete Jitter          (DJ):    0.000ns
    Phase Error              (PE):    0.000ns

    Location             Delay type                Incr(ns)  Path(ns)    Netlist Resource(s)
  -------------------------------------------------------------------    -------------------
                         (clock sys_clk_pin rise edge)
                                                      0.000     0.000 r  
    W5                                                0.000     0.000 r  clk_in (IN)
                         net (fo=0)                   0.000     0.000    clk_in
    W5                   IBUF (Prop_ibuf_I_O)         1.458     1.458 r  clk_in_IBUF_inst/O
                         net (fo=1, routed)           1.967     3.425    clk_in_IBUF
    BUFGCTRL_X0Y0        BUFG (Prop_bufg_I_O)         0.096     3.521 r  clk_in_IBUF_BUFG_inst/O
                         net (fo=27, routed)          1.621     5.142    SC_INST/clk_out1_reg_0
    SLICE_X64Y22         FDRE                                         r  SC_INST/counter_reg[20]/C
  -------------------------------------------------------------------    -------------------
    SLICE_X64Y22         FDRE (Prop_fdre_C_Q)         0.518     5.660 f  SC_INST/counter_reg[20]/Q
                         net (fo=2, routed)           0.811     6.471    SC_INST/counter[20]
    SLICE_X65Y23         LUT6 (Prop_lut6_I2_O)        0.124     6.595 r  SC_INST/counter[25]_i_3/O
                         net (fo=2, routed)           1.091     7.686    SC_INST/counter[25]_i_3_n_0
    SLICE_X65Y19         LUT6 (Prop_lut6_I1_O)        0.124     7.810 r  SC_INST/counter[25]_i_1/O
                         net (fo=26, routed)          1.031     8.841    SC_INST/clk_out1
    SLICE_X64Y22         FDRE                                         r  SC_INST/counter_reg[17]/R
  -------------------------------------------------------------------    -------------------

                         (clock sys_clk_pin rise edge)
                                                     10.000    10.000 r  
    W5                                                0.000    10.000 r  clk_in (IN)
                         net (fo=0)                   0.000    10.000    clk_in
    W5                   IBUF (Prop_ibuf_I_O)         1.388    11.388 r  clk_in_IBUF_inst/O
                         net (fo=1, routed)           1.862    13.250    clk_in_IBUF
    BUFGCTRL_X0Y0        BUFG (Prop_bufg_I_O)         0.091    13.341 r  clk_in_IBUF_BUFG_inst/O
                         net (fo=27, routed)          1.505    14.846    SC_INST/clk_out1_reg_0
    SLICE_X64Y22         FDRE                                         r  SC_INST/counter_reg[17]/C
                         clock pessimism              0.296    15.142    
                         clock uncertainty           -0.035    15.107    
    SLICE_X64Y22         FDRE (Setup_fdre_C_R)       -0.524    14.583    SC_INST/counter_reg[17]
  -------------------------------------------------------------------
                         required time                         14.583    
                         arrival time                          -8.841    
  -------------------------------------------------------------------
                         slack                                  5.742    

Slack (MET) :             5.742ns  (required time - arrival time)
  Source:                 SC_INST/counter_reg[20]/C
                            (rising edge-triggered cell FDRE clocked by sys_clk_pin  {rise@0.000ns fall@5.000ns period=10.000ns})
  Destination:            SC_INST/counter_reg[18]/R
                            (rising edge-triggered cell FDRE clocked by sys_clk_pin  {rise@0.000ns fall@5.000ns period=10.000ns})
  Path Group:             sys_clk_pin
  Path Type:              Setup (Max at Slow Process Corner)
  Requirement:            10.000ns  (sys_clk_pin rise@10.000ns - sys_clk_pin rise@0.000ns)
  Data Path Delay:        3.699ns  (logic 0.766ns (20.711%)  route 2.933ns (79.289%))
  Logic Levels:           2  (LUT6=2)
  Clock Path Skew:        0.000ns (DCD - SCD + CPR)
    Destination Clock Delay (DCD):    4.846ns = ( 14.846 - 10.000 ) 
    Source Clock Delay      (SCD):    5.142ns
    Clock Pessimism Removal (CPR):    0.296ns
  Clock Uncertainty:      0.035ns  ((TSJ^2 + TIJ^2)^1/2 + DJ) / 2 + PE
    Total System Jitter     (TSJ):    0.071ns
    Total Input Jitter      (TIJ):    0.000ns
    Discrete Jitter          (DJ):    0.000ns
    Phase Error              (PE):    0.000ns

    Location             Delay type                Incr(ns)  Path(ns)    Netlist Resource(s)
  -------------------------------------------------------------------    -------------------
                         (clock sys_clk_pin rise edge)
                                                      0.000     0.000 r  
    W5                                                0.000     0.000 r  clk_in (IN)
                         net (fo=0)                   0.000     0.000    clk_in
    W5                   IBUF (Prop_ibuf_I_O)         1.458     1.458 r  clk_in_IBUF_inst/O
                         net (fo=1, routed)           1.967     3.425    clk_in_IBUF
    BUFGCTRL_X0Y0        BUFG (Prop_bufg_I_O)         0.096     3.521 r  clk_in_IBUF_BUFG_inst/O
                         net (fo=27, routed)          1.621     5.142    SC_INST/clk_out1_reg_0
    SLICE_X64Y22         FDRE                                         r  SC_INST/counter_reg[20]/C
  -------------------------------------------------------------------    -------------------
    SLICE_X64Y22         FDRE (Prop_fdre_C_Q)         0.518     5.660 f  SC_INST/counter_reg[20]/Q
                         net (fo=2, routed)           0.811     6.471    SC_INST/counter[20]
    SLICE_X65Y23         LUT6 (Prop_lut6_I2_O)        0.124     6.595 r  SC_INST/counter[25]_i_3/O
                         net (fo=2, routed)           1.091     7.686    SC_INST/counter[25]_i_3_n_0
    SLICE_X65Y19         LUT6 (Prop_lut6_I1_O)        0.124     7.810 r  SC_INST/counter[25]_i_1/O
                         net (fo=26, routed)          1.031     8.841    SC_INST/clk_out1
    SLICE_X64Y22         FDRE                                         r  SC_INST/counter_reg[18]/R
  -------------------------------------------------------------------    -------------------

                         (clock sys_clk_pin rise edge)
                                                     10.000    10.000 r  
    W5                                                0.000    10.000 r  clk_in (IN)
                         net (fo=0)                   0.000    10.000    clk_in
    W5                   IBUF (Prop_ibuf_I_O)         1.388    11.388 r  clk_in_IBUF_inst/O
                         net (fo=1, routed)           1.862    13.250    clk_in_IBUF
    BUFGCTRL_X0Y0        BUFG (Prop_bufg_I_O)         0.091    13.341 r  clk_in_IBUF_BUFG_inst/O
                         net (fo=27, routed)          1.505    14.846    SC_INST/clk_out1_reg_0
    SLICE_X64Y22         FDRE                                         r  SC_INST/counter_reg[18]/C
                         clock pessimism              0.296    15.142    
                         clock uncertainty           -0.035    15.107    
    SLICE_X64Y22         FDRE (Setup_fdre_C_R)       -0.524    14.583    SC_INST/counter_reg[18]
  -------------------------------------------------------------------
                         required time                         14.583    
                         arrival time                          -8.841    
  -------------------------------------------------------------------
                         slack                                  5.742    

Slack (MET) :             5.742ns  (required time - arrival time)
  Source:                 SC_INST/counter_reg[20]/C
                            (rising edge-triggered cell FDRE clocked by sys_clk_pin  {rise@0.000ns fall@5.000ns period=10.000ns})
  Destination:            SC_INST/counter_reg[19]/R
                            (rising edge-triggered cell FDRE clocked by sys_clk_pin  {rise@0.000ns fall@5.000ns period=10.000ns})
  Path Group:             sys_clk_pin
  Path Type:              Setup (Max at Slow Process Corner)
  Requirement:            10.000ns  (sys_clk_pin rise@10.000ns - sys_clk_pin rise@0.000ns)
  Data Path Delay:        3.699ns  (logic 0.766ns (20.711%)  route 2.933ns (79.289%))
  Logic Levels:           2  (LUT6=2)
  Clock Path Skew:        0.000ns (DCD - SCD + CPR)
    Destination Clock Delay (DCD):    4.846ns = ( 14.846 - 10.000 ) 
    Source Clock Delay      (SCD):    5.142ns
    Clock Pessimism Removal (CPR):    0.296ns
  Clock Uncertainty:      0.035ns  ((TSJ^2 + TIJ^2)^1/2 + DJ) / 2 + PE
    Total System Jitter     (TSJ):    0.071ns
    Total Input Jitter      (TIJ):    0.000ns
    Discrete Jitter          (DJ):    0.000ns
    Phase Error              (PE):    0.000ns

    Location             Delay type                Incr(ns)  Path(ns)    Netlist Resource(s)
  -------------------------------------------------------------------    -------------------
                         (clock sys_clk_pin rise edge)
                                                      0.000     0.000 r  
    W5                                                0.000     0.000 r  clk_in (IN)
                         net (fo=0)                   0.000     0.000    clk_in
    W5                   IBUF (Prop_ibuf_I_O)         1.458     1.458 r  clk_in_IBUF_inst/O
                         net (fo=1, routed)           1.967     3.425    clk_in_IBUF
    BUFGCTRL_X0Y0        BUFG (Prop_bufg_I_O)         0.096     3.521 r  clk_in_IBUF_BUFG_inst/O
                         net (fo=27, routed)          1.621     5.142    SC_INST/clk_out1_reg_0
    SLICE_X64Y22         FDRE                                         r  SC_INST/counter_reg[20]/C
  -------------------------------------------------------------------    -------------------
    SLICE_X64Y22         FDRE (Prop_fdre_C_Q)         0.518     5.660 f  SC_INST/counter_reg[20]/Q
                         net (fo=2, routed)           0.811     6.471    SC_INST/counter[20]
    SLICE_X65Y23         LUT6 (Prop_lut6_I2_O)        0.124     6.595 r  SC_INST/counter[25]_i_3/O
                         net (fo=2, routed)           1.091     7.686    SC_INST/counter[25]_i_3_n_0
    SLICE_X65Y19         LUT6 (Prop_lut6_I1_O)        0.124     7.810 r  SC_INST/counter[25]_i_1/O
                         net (fo=26, routed)          1.031     8.841    SC_INST/clk_out1
    SLICE_X64Y22         FDRE                                         r  SC_INST/counter_reg[19]/R
  -------------------------------------------------------------------    -------------------

                         (clock sys_clk_pin rise edge)
                                                     10.000    10.000 r  
    W5                                                0.000    10.000 r  clk_in (IN)
                         net (fo=0)                   0.000    10.000    clk_in
    W5                   IBUF (Prop_ibuf_I_O)         1.388    11.388 r  clk_in_IBUF_inst/O
                         net (fo=1, routed)           1.862    13.250    clk_in_IBUF
    BUFGCTRL_X0Y0        BUFG (Prop_bufg_I_O)         0.091    13.341 r  clk_in_IBUF_BUFG_inst/O
                         net (fo=27, routed)          1.505    14.846    SC_INST/clk_out1_reg_0
    SLICE_X64Y22         FDRE                                         r  SC_INST/counter_reg[19]/C
                         clock pessimism              0.296    15.142    
                         clock uncertainty           -0.035    15.107    
    SLICE_X64Y22         FDRE (Setup_fdre_C_R)       -0.524    14.583    SC_INST/counter_reg[19]
  -------------------------------------------------------------------
                         required time                         14.583    
                         arrival time                          -8.841    
  -------------------------------------------------------------------
                         slack                                  5.742    

Slack (MET) :             5.742ns  (required time - arrival time)
  Source:                 SC_INST/counter_reg[20]/C
                            (rising edge-triggered cell FDRE clocked by sys_clk_pin  {rise@0.000ns fall@5.000ns period=10.000ns})
  Destination:            SC_INST/counter_reg[20]/R
                            (rising edge-triggered cell FDRE clocked by sys_clk_pin  {rise@0.000ns fall@5.000ns period=10.000ns})
  Path Group:             sys_clk_pin
  Path Type:              Setup (Max at Slow Process Corner)
  Requirement:            10.000ns  (sys_clk_pin rise@10.000ns - sys_clk_pin rise@0.000ns)
  Data Path Delay:        3.699ns  (logic 0.766ns (20.711%)  route 2.933ns (79.289%))
  Logic Levels:           2  (LUT6=2)
  Clock Path Skew:        0.000ns (DCD - SCD + CPR)
    Destination Clock Delay (DCD):    4.846ns = ( 14.846 - 10.000 ) 
    Source Clock Delay      (SCD):    5.142ns
    Clock Pessimism Removal (CPR):    0.296ns
  Clock Uncertainty:      0.035ns  ((TSJ^2 + TIJ^2)^1/2 + DJ) / 2 + PE
    Total System Jitter     (TSJ):    0.071ns
    Total Input Jitter      (TIJ):    0.000ns
    Discrete Jitter          (DJ):    0.000ns
    Phase Error              (PE):    0.000ns

    Location             Delay type                Incr(ns)  Path(ns)    Netlist Resource(s)
  -------------------------------------------------------------------    -------------------
                         (clock sys_clk_pin rise edge)
                                                      0.000     0.000 r  
    W5                                                0.000     0.000 r  clk_in (IN)
                         net (fo=0)                   0.000     0.000    clk_in
    W5                   IBUF (Prop_ibuf_I_O)         1.458     1.458 r  clk_in_IBUF_inst/O
                         net (fo=1, routed)           1.967     3.425    clk_in_IBUF
    BUFGCTRL_X0Y0        BUFG (Prop_bufg_I_O)         0.096     3.521 r  clk_in_IBUF_BUFG_inst/O
                         net (fo=27, routed)          1.621     5.142    SC_INST/clk_out1_reg_0
    SLICE_X64Y22         FDRE                                         r  SC_INST/counter_reg[20]/C
  -------------------------------------------------------------------    -------------------
    SLICE_X64Y22         FDRE (Prop_fdre_C_Q)         0.518     5.660 f  SC_INST/counter_reg[20]/Q
                         net (fo=2, routed)           0.811     6.471    SC_INST/counter[20]
    SLICE_X65Y23         LUT6 (Prop_lut6_I2_O)        0.124     6.595 r  SC_INST/counter[25]_i_3/O
                         net (fo=2, routed)           1.091     7.686    SC_INST/counter[25]_i_3_n_0
    SLICE_X65Y19         LUT6 (Prop_lut6_I1_O)        0.124     7.810 r  SC_INST/counter[25]_i_1/O
                         net (fo=26, routed)          1.031     8.841    SC_INST/clk_out1
    SLICE_X64Y22         FDRE                                         r  SC_INST/counter_reg[20]/R
  -------------------------------------------------------------------    -------------------

                         (clock sys_clk_pin rise edge)
                                                     10.000    10.000 r  
    W5                                                0.000    10.000 r  clk_in (IN)
                         net (fo=0)                   0.000    10.000    clk_in
    W5                   IBUF (Prop_ibuf_I_O)         1.388    11.388 r  clk_in_IBUF_inst/O
                         net (fo=1, routed)           1.862    13.250    clk_in_IBUF
    BUFGCTRL_X0Y0        BUFG (Prop_bufg_I_O)         0.091    13.341 r  clk_in_IBUF_BUFG_inst/O
                         net (fo=27, routed)          1.505    14.846    SC_INST/clk_out1_reg_0
    SLICE_X64Y22         FDRE                                         r  SC_INST/counter_reg[20]/C
                         clock pessimism              0.296    15.142    
                         clock uncertainty           -0.035    15.107    
    SLICE_X64Y22         FDRE (Setup_fdre_C_R)       -0.524    14.583    SC_INST/counter_reg[20]
  -------------------------------------------------------------------
                         required time                         14.583    
                         arrival time                          -8.841    
  -------------------------------------------------------------------
                         slack                                  5.742    

Slack (MET) :             5.870ns  (required time - arrival time)
  Source:                 SC_INST/counter_reg[20]/C
                            (rising edge-triggered cell FDRE clocked by sys_clk_pin  {rise@0.000ns fall@5.000ns period=10.000ns})
  Destination:            SC_INST/counter_reg[13]/R
                            (rising edge-triggered cell FDRE clocked by sys_clk_pin  {rise@0.000ns fall@5.000ns period=10.000ns})
  Path Group:             sys_clk_pin
  Path Type:              Setup (Max at Slow Process Corner)
  Requirement:            10.000ns  (sys_clk_pin rise@10.000ns - sys_clk_pin rise@0.000ns)
  Data Path Delay:        3.550ns  (logic 0.766ns (21.576%)  route 2.784ns (78.424%))
  Logic Levels:           2  (LUT6=2)
  Clock Path Skew:        -0.020ns (DCD - SCD + CPR)
    Destination Clock Delay (DCD):    4.848ns = ( 14.848 - 10.000 ) 
    Source Clock Delay      (SCD):    5.142ns
    Clock Pessimism Removal (CPR):    0.274ns
  Clock Uncertainty:      0.035ns  ((TSJ^2 + TIJ^2)^1/2 + DJ) / 2 + PE
    Total System Jitter     (TSJ):    0.071ns
    Total Input Jitter      (TIJ):    0.000ns
    Discrete Jitter          (DJ):    0.000ns
    Phase Error              (PE):    0.000ns

    Location             Delay type                Incr(ns)  Path(ns)    Netlist Resource(s)
  -------------------------------------------------------------------    -------------------
                         (clock sys_clk_pin rise edge)
                                                      0.000     0.000 r  
    W5                                                0.000     0.000 r  clk_in (IN)
                         net (fo=0)                   0.000     0.000    clk_in
    W5                   IBUF (Prop_ibuf_I_O)         1.458     1.458 r  clk_in_IBUF_inst/O
                         net (fo=1, routed)           1.967     3.425    clk_in_IBUF
    BUFGCTRL_X0Y0        BUFG (Prop_bufg_I_O)         0.096     3.521 r  clk_in_IBUF_BUFG_inst/O
                         net (fo=27, routed)          1.621     5.142    SC_INST/clk_out1_reg_0
    SLICE_X64Y22         FDRE                                         r  SC_INST/counter_reg[20]/C
  -------------------------------------------------------------------    -------------------
    SLICE_X64Y22         FDRE (Prop_fdre_C_Q)         0.518     5.660 f  SC_INST/counter_reg[20]/Q
                         net (fo=2, routed)           0.811     6.471    SC_INST/counter[20]
    SLICE_X65Y23         LUT6 (Prop_lut6_I2_O)        0.124     6.595 r  SC_INST/counter[25]_i_3/O
                         net (fo=2, routed)           1.091     7.686    SC_INST/counter[25]_i_3_n_0
    SLICE_X65Y19         LUT6 (Prop_lut6_I1_O)        0.124     7.810 r  SC_INST/counter[25]_i_1/O
                         net (fo=26, routed)          0.882     8.693    SC_INST/clk_out1
    SLICE_X64Y21         FDRE                                         r  SC_INST/counter_reg[13]/R
  -------------------------------------------------------------------    -------------------

                         (clock sys_clk_pin rise edge)
                                                     10.000    10.000 r  
    W5                                                0.000    10.000 r  clk_in (IN)
                         net (fo=0)                   0.000    10.000    clk_in
    W5                   IBUF (Prop_ibuf_I_O)         1.388    11.388 r  clk_in_IBUF_inst/O
                         net (fo=1, routed)           1.862    13.250    clk_in_IBUF
    BUFGCTRL_X0Y0        BUFG (Prop_bufg_I_O)         0.091    13.341 r  clk_in_IBUF_BUFG_inst/O
                         net (fo=27, routed)          1.507    14.848    SC_INST/clk_out1_reg_0
    SLICE_X64Y21         FDRE                                         r  SC_INST/counter_reg[13]/C
                         clock pessimism              0.274    15.122    
                         clock uncertainty           -0.035    15.087    
    SLICE_X64Y21         FDRE (Setup_fdre_C_R)       -0.524    14.563    SC_INST/counter_reg[13]
  -------------------------------------------------------------------
                         required time                         14.563    
                         arrival time                          -8.693    
  -------------------------------------------------------------------
                         slack                                  5.870    





Min Delay Paths
--------------------------------------------------------------------------------------
Slack (MET) :             0.265ns  (arrival time - required time)
  Source:                 SC_INST/counter_reg[23]/C
                            (rising edge-triggered cell FDRE clocked by sys_clk_pin  {rise@0.000ns fall@5.000ns period=10.000ns})
  Destination:            SC_INST/counter_reg[23]/D
                            (rising edge-triggered cell FDRE clocked by sys_clk_pin  {rise@0.000ns fall@5.000ns period=10.000ns})
  Path Group:             sys_clk_pin
  Path Type:              Hold (Min at Fast Process Corner)
  Requirement:            0.000ns  (sys_clk_pin rise@0.000ns - sys_clk_pin rise@0.000ns)
  Data Path Delay:        0.399ns  (logic 0.274ns (68.589%)  route 0.125ns (31.411%))
  Logic Levels:           1  (CARRY4=1)
  Clock Path Skew:        0.000ns (DCD - SCD - CPR)
    Destination Clock Delay (DCD):    1.978ns
    Source Clock Delay      (SCD):    1.466ns
    Clock Pessimism Removal (CPR):    0.512ns

    Location             Delay type                Incr(ns)  Path(ns)    Netlist Resource(s)
  -------------------------------------------------------------------    -------------------
                         (clock sys_clk_pin rise edge)
                                                      0.000     0.000 r  
    W5                                                0.000     0.000 r  clk_in (IN)
                         net (fo=0)                   0.000     0.000    clk_in
    W5                   IBUF (Prop_ibuf_I_O)         0.226     0.226 r  clk_in_IBUF_inst/O
                         net (fo=1, routed)           0.631     0.858    clk_in_IBUF
    BUFGCTRL_X0Y0        BUFG (Prop_bufg_I_O)         0.026     0.884 r  clk_in_IBUF_BUFG_inst/O
                         net (fo=27, routed)          0.583     1.466    SC_INST/clk_out1_reg_0
    SLICE_X64Y23         FDRE                                         r  SC_INST/counter_reg[23]/C
  -------------------------------------------------------------------    -------------------
    SLICE_X64Y23         FDRE (Prop_fdre_C_Q)         0.164     1.630 r  SC_INST/counter_reg[23]/Q
                         net (fo=2, routed)           0.125     1.756    SC_INST/counter[23]
    SLICE_X64Y23         CARRY4 (Prop_carry4_S[2]_O[2])
                                                      0.110     1.866 r  SC_INST/counter0_carry__4/O[2]
                         net (fo=1, routed)           0.000     1.866    SC_INST/p_1_in[23]
    SLICE_X64Y23         FDRE                                         r  SC_INST/counter_reg[23]/D
  -------------------------------------------------------------------    -------------------

                         (clock sys_clk_pin rise edge)
                                                      0.000     0.000 r  
    W5                                                0.000     0.000 r  clk_in (IN)
                         net (fo=0)                   0.000     0.000    clk_in
    W5                   IBUF (Prop_ibuf_I_O)         0.414     0.414 r  clk_in_IBUF_inst/O
                         net (fo=1, routed)           0.685     1.099    clk_in_IBUF
    BUFGCTRL_X0Y0        BUFG (Prop_bufg_I_O)         0.029     1.128 r  clk_in_IBUF_BUFG_inst/O
                         net (fo=27, routed)          0.851     1.978    SC_INST/clk_out1_reg_0
    SLICE_X64Y23         FDRE                                         r  SC_INST/counter_reg[23]/C
                         clock pessimism             -0.512     1.466    
    SLICE_X64Y23         FDRE (Hold_fdre_C_D)         0.134     1.600    SC_INST/counter_reg[23]
  -------------------------------------------------------------------
                         required time                         -1.600    
                         arrival time                           1.866    
  -------------------------------------------------------------------
                         slack                                  0.265    

Slack (MET) :             0.265ns  (arrival time - required time)
  Source:                 SC_INST/counter_reg[7]/C
                            (rising edge-triggered cell FDRE clocked by sys_clk_pin  {rise@0.000ns fall@5.000ns period=10.000ns})
  Destination:            SC_INST/counter_reg[7]/D
                            (rising edge-triggered cell FDRE clocked by sys_clk_pin  {rise@0.000ns fall@5.000ns period=10.000ns})
  Path Group:             sys_clk_pin
  Path Type:              Hold (Min at Fast Process Corner)
  Requirement:            0.000ns  (sys_clk_pin rise@0.000ns - sys_clk_pin rise@0.000ns)
  Data Path Delay:        0.399ns  (logic 0.274ns (68.589%)  route 0.125ns (31.411%))
  Logic Levels:           1  (CARRY4=1)
  Clock Path Skew:        0.000ns (DCD - SCD - CPR)
    Destination Clock Delay (DCD):    1.983ns
    Source Clock Delay      (SCD):    1.470ns
    Clock Pessimism Removal (CPR):    0.513ns

    Location             Delay type                Incr(ns)  Path(ns)    Netlist Resource(s)
  -------------------------------------------------------------------    -------------------
                         (clock sys_clk_pin rise edge)
                                                      0.000     0.000 r  
    W5                                                0.000     0.000 r  clk_in (IN)
                         net (fo=0)                   0.000     0.000    clk_in
    W5                   IBUF (Prop_ibuf_I_O)         0.226     0.226 r  clk_in_IBUF_inst/O
                         net (fo=1, routed)           0.631     0.858    clk_in_IBUF
    BUFGCTRL_X0Y0        BUFG (Prop_bufg_I_O)         0.026     0.884 r  clk_in_IBUF_BUFG_inst/O
                         net (fo=27, routed)          0.587     1.470    SC_INST/clk_out1_reg_0
    SLICE_X64Y19         FDRE                                         r  SC_INST/counter_reg[7]/C
  -------------------------------------------------------------------    -------------------
    SLICE_X64Y19         FDRE (Prop_fdre_C_Q)         0.164     1.634 r  SC_INST/counter_reg[7]/Q
                         net (fo=2, routed)           0.125     1.760    SC_INST/counter[7]
    SLICE_X64Y19         CARRY4 (Prop_carry4_S[2]_O[2])
                                                      0.110     1.870 r  SC_INST/counter0_carry__0/O[2]
                         net (fo=1, routed)           0.000     1.870    SC_INST/p_1_in[7]
    SLICE_X64Y19         FDRE                                         r  SC_INST/counter_reg[7]/D
  -------------------------------------------------------------------    -------------------

                         (clock sys_clk_pin rise edge)
                                                      0.000     0.000 r  
    W5                                                0.000     0.000 r  clk_in (IN)
                         net (fo=0)                   0.000     0.000    clk_in
    W5                   IBUF (Prop_ibuf_I_O)         0.414     0.414 r  clk_in_IBUF_inst/O
                         net (fo=1, routed)           0.685     1.099    clk_in_IBUF
    BUFGCTRL_X0Y0        BUFG (Prop_bufg_I_O)         0.029     1.128 r  clk_in_IBUF_BUFG_inst/O
                         net (fo=27, routed)          0.856     1.983    SC_INST/clk_out1_reg_0
    SLICE_X64Y19         FDRE                                         r  SC_INST/counter_reg[7]/C
                         clock pessimism             -0.513     1.470    
    SLICE_X64Y19         FDRE (Hold_fdre_C_D)         0.134     1.604    SC_INST/counter_reg[7]
  -------------------------------------------------------------------
                         required time                         -1.604    
                         arrival time                           1.870    
  -------------------------------------------------------------------
                         slack                                  0.265    

Slack (MET) :             0.265ns  (arrival time - required time)
  Source:                 SC_INST/counter_reg[11]/C
                            (rising edge-triggered cell FDRE clocked by sys_clk_pin  {rise@0.000ns fall@5.000ns period=10.000ns})
  Destination:            SC_INST/counter_reg[11]/D
                            (rising edge-triggered cell FDRE clocked by sys_clk_pin  {rise@0.000ns fall@5.000ns period=10.000ns})
  Path Group:             sys_clk_pin
  Path Type:              Hold (Min at Fast Process Corner)
  Requirement:            0.000ns  (sys_clk_pin rise@0.000ns - sys_clk_pin rise@0.000ns)
  Data Path Delay:        0.399ns  (logic 0.274ns (68.589%)  route 0.125ns (31.411%))
  Logic Levels:           1  (CARRY4=1)
  Clock Path Skew:        0.000ns (DCD - SCD - CPR)
    Destination Clock Delay (DCD):    1.982ns
    Source Clock Delay      (SCD):    1.469ns
    Clock Pessimism Removal (CPR):    0.513ns

    Location             Delay type                Incr(ns)  Path(ns)    Netlist Resource(s)
  -------------------------------------------------------------------    -------------------
                         (clock sys_clk_pin rise edge)
                                                      0.000     0.000 r  
    W5                                                0.000     0.000 r  clk_in (IN)
                         net (fo=0)                   0.000     0.000    clk_in
    W5                   IBUF (Prop_ibuf_I_O)         0.226     0.226 r  clk_in_IBUF_inst/O
                         net (fo=1, routed)           0.631     0.858    clk_in_IBUF
    BUFGCTRL_X0Y0        BUFG (Prop_bufg_I_O)         0.026     0.884 r  clk_in_IBUF_BUFG_inst/O
                         net (fo=27, routed)          0.586     1.469    SC_INST/clk_out1_reg_0
    SLICE_X64Y20         FDRE                                         r  SC_INST/counter_reg[11]/C
  -------------------------------------------------------------------    -------------------
    SLICE_X64Y20         FDRE (Prop_fdre_C_Q)         0.164     1.633 r  SC_INST/counter_reg[11]/Q
                         net (fo=2, routed)           0.125     1.759    SC_INST/counter[11]
    SLICE_X64Y20         CARRY4 (Prop_carry4_S[2]_O[2])
                                                      0.110     1.869 r  SC_INST/counter0_carry__1/O[2]
                         net (fo=1, routed)           0.000     1.869    SC_INST/p_1_in[11]
    SLICE_X64Y20         FDRE                                         r  SC_INST/counter_reg[11]/D
  -------------------------------------------------------------------    -------------------

                         (clock sys_clk_pin rise edge)
                                                      0.000     0.000 r  
    W5                                                0.000     0.000 r  clk_in (IN)
                         net (fo=0)                   0.000     0.000    clk_in
    W5                   IBUF (Prop_ibuf_I_O)         0.414     0.414 r  clk_in_IBUF_inst/O
                         net (fo=1, routed)           0.685     1.099    clk_in_IBUF
    BUFGCTRL_X0Y0        BUFG (Prop_bufg_I_O)         0.029     1.128 r  clk_in_IBUF_BUFG_inst/O
                         net (fo=27, routed)          0.855     1.982    SC_INST/clk_out1_reg_0
    SLICE_X64Y20         FDRE                                         r  SC_INST/counter_reg[11]/C
                         clock pessimism             -0.513     1.469    
    SLICE_X64Y20         FDRE (Hold_fdre_C_D)         0.134     1.603    SC_INST/counter_reg[11]
  -------------------------------------------------------------------
                         required time                         -1.603    
                         arrival time                           1.869    
  -------------------------------------------------------------------
                         slack                                  0.265    

Slack (MET) :             0.266ns  (arrival time - required time)
  Source:                 SC_INST/counter_reg[15]/C
                            (rising edge-triggered cell FDRE clocked by sys_clk_pin  {rise@0.000ns fall@5.000ns period=10.000ns})
  Destination:            SC_INST/counter_reg[15]/D
                            (rising edge-triggered cell FDRE clocked by sys_clk_pin  {rise@0.000ns fall@5.000ns period=10.000ns})
  Path Group:             sys_clk_pin
  Path Type:              Hold (Min at Fast Process Corner)
  Requirement:            0.000ns  (sys_clk_pin rise@0.000ns - sys_clk_pin rise@0.000ns)
  Data Path Delay:        0.400ns  (logic 0.274ns (68.524%)  route 0.126ns (31.476%))
  Logic Levels:           1  (CARRY4=1)
  Clock Path Skew:        0.000ns (DCD - SCD - CPR)
    Destination Clock Delay (DCD):    1.981ns
    Source Clock Delay      (SCD):    1.468ns
    Clock Pessimism Removal (CPR):    0.513ns

    Location             Delay type                Incr(ns)  Path(ns)    Netlist Resource(s)
  -------------------------------------------------------------------    -------------------
                         (clock sys_clk_pin rise edge)
                                                      0.000     0.000 r  
    W5                                                0.000     0.000 r  clk_in (IN)
                         net (fo=0)                   0.000     0.000    clk_in
    W5                   IBUF (Prop_ibuf_I_O)         0.226     0.226 r  clk_in_IBUF_inst/O
                         net (fo=1, routed)           0.631     0.858    clk_in_IBUF
    BUFGCTRL_X0Y0        BUFG (Prop_bufg_I_O)         0.026     0.884 r  clk_in_IBUF_BUFG_inst/O
                         net (fo=27, routed)          0.585     1.468    SC_INST/clk_out1_reg_0
    SLICE_X64Y21         FDRE                                         r  SC_INST/counter_reg[15]/C
  -------------------------------------------------------------------    -------------------
    SLICE_X64Y21         FDRE (Prop_fdre_C_Q)         0.164     1.632 r  SC_INST/counter_reg[15]/Q
                         net (fo=2, routed)           0.126     1.758    SC_INST/counter[15]
    SLICE_X64Y21         CARRY4 (Prop_carry4_S[2]_O[2])
                                                      0.110     1.868 r  SC_INST/counter0_carry__2/O[2]
                         net (fo=1, routed)           0.000     1.868    SC_INST/p_1_in[15]
    SLICE_X64Y21         FDRE                                         r  SC_INST/counter_reg[15]/D
  -------------------------------------------------------------------    -------------------

                         (clock sys_clk_pin rise edge)
                                                      0.000     0.000 r  
    W5                                                0.000     0.000 r  clk_in (IN)
                         net (fo=0)                   0.000     0.000    clk_in
    W5                   IBUF (Prop_ibuf_I_O)         0.414     0.414 r  clk_in_IBUF_inst/O
                         net (fo=1, routed)           0.685     1.099    clk_in_IBUF
    BUFGCTRL_X0Y0        BUFG (Prop_bufg_I_O)         0.029     1.128 r  clk_in_IBUF_BUFG_inst/O
                         net (fo=27, routed)          0.854     1.981    SC_INST/clk_out1_reg_0
    SLICE_X64Y21         FDRE                                         r  SC_INST/counter_reg[15]/C
                         clock pessimism             -0.513     1.468    
    SLICE_X64Y21         FDRE (Hold_fdre_C_D)         0.134     1.602    SC_INST/counter_reg[15]
  -------------------------------------------------------------------
                         required time                         -1.602    
                         arrival time                           1.868    
  -------------------------------------------------------------------
                         slack                                  0.266    

Slack (MET) :             0.267ns  (arrival time - required time)
  Source:                 SC_INST/counter_reg[19]/C
                            (rising edge-triggered cell FDRE clocked by sys_clk_pin  {rise@0.000ns fall@5.000ns period=10.000ns})
  Destination:            SC_INST/counter_reg[19]/D
                            (rising edge-triggered cell FDRE clocked by sys_clk_pin  {rise@0.000ns fall@5.000ns period=10.000ns})
  Path Group:             sys_clk_pin
  Path Type:              Hold (Min at Fast Process Corner)
  Requirement:            0.000ns  (sys_clk_pin rise@0.000ns - sys_clk_pin rise@0.000ns)
  Data Path Delay:        0.401ns  (logic 0.274ns (68.412%)  route 0.127ns (31.588%))
  Logic Levels:           1  (CARRY4=1)
  Clock Path Skew:        0.000ns (DCD - SCD - CPR)
    Destination Clock Delay (DCD):    1.980ns
    Source Clock Delay      (SCD):    1.468ns
    Clock Pessimism Removal (CPR):    0.512ns

    Location             Delay type                Incr(ns)  Path(ns)    Netlist Resource(s)
  -------------------------------------------------------------------    -------------------
                         (clock sys_clk_pin rise edge)
                                                      0.000     0.000 r  
    W5                                                0.000     0.000 r  clk_in (IN)
                         net (fo=0)                   0.000     0.000    clk_in
    W5                   IBUF (Prop_ibuf_I_O)         0.226     0.226 r  clk_in_IBUF_inst/O
                         net (fo=1, routed)           0.631     0.858    clk_in_IBUF
    BUFGCTRL_X0Y0        BUFG (Prop_bufg_I_O)         0.026     0.884 r  clk_in_IBUF_BUFG_inst/O
                         net (fo=27, routed)          0.585     1.468    SC_INST/clk_out1_reg_0
    SLICE_X64Y22         FDRE                                         r  SC_INST/counter_reg[19]/C
  -------------------------------------------------------------------    -------------------
    SLICE_X64Y22         FDRE (Prop_fdre_C_Q)         0.164     1.632 r  SC_INST/counter_reg[19]/Q
                         net (fo=2, routed)           0.127     1.759    SC_INST/counter[19]
    SLICE_X64Y22         CARRY4 (Prop_carry4_S[2]_O[2])
                                                      0.110     1.869 r  SC_INST/counter0_carry__3/O[2]
                         net (fo=1, routed)           0.000     1.869    SC_INST/p_1_in[19]
    SLICE_X64Y22         FDRE                                         r  SC_INST/counter_reg[19]/D
  -------------------------------------------------------------------    -------------------

                         (clock sys_clk_pin rise edge)
                                                      0.000     0.000 r  
    W5                                                0.000     0.000 r  clk_in (IN)
                         net (fo=0)                   0.000     0.000    clk_in
    W5                   IBUF (Prop_ibuf_I_O)         0.414     0.414 r  clk_in_IBUF_inst/O
                         net (fo=1, routed)           0.685     1.099    clk_in_IBUF
    BUFGCTRL_X0Y0        BUFG (Prop_bufg_I_O)         0.029     1.128 r  clk_in_IBUF_BUFG_inst/O
                         net (fo=27, routed)          0.853     1.980    SC_INST/clk_out1_reg_0
    SLICE_X64Y22         FDRE                                         r  SC_INST/counter_reg[19]/C
                         clock pessimism             -0.512     1.468    
    SLICE_X64Y22         FDRE (Hold_fdre_C_D)         0.134     1.602    SC_INST/counter_reg[19]
  -------------------------------------------------------------------
                         required time                         -1.602    
                         arrival time                           1.869    
  -------------------------------------------------------------------
                         slack                                  0.267    

Slack (MET) :             0.267ns  (arrival time - required time)
  Source:                 SC_INST/counter_reg[3]/C
                            (rising edge-triggered cell FDRE clocked by sys_clk_pin  {rise@0.000ns fall@5.000ns period=10.000ns})
  Destination:            SC_INST/counter_reg[3]/D
                            (rising edge-triggered cell FDRE clocked by sys_clk_pin  {rise@0.000ns fall@5.000ns period=10.000ns})
  Path Group:             sys_clk_pin
  Path Type:              Hold (Min at Fast Process Corner)
  Requirement:            0.000ns  (sys_clk_pin rise@0.000ns - sys_clk_pin rise@0.000ns)
  Data Path Delay:        0.401ns  (logic 0.274ns (68.412%)  route 0.127ns (31.588%))
  Logic Levels:           1  (CARRY4=1)
  Clock Path Skew:        0.000ns (DCD - SCD - CPR)
    Destination Clock Delay (DCD):    1.984ns
    Source Clock Delay      (SCD):    1.471ns
    Clock Pessimism Removal (CPR):    0.513ns

    Location             Delay type                Incr(ns)  Path(ns)    Netlist Resource(s)
  -------------------------------------------------------------------    -------------------
                         (clock sys_clk_pin rise edge)
                                                      0.000     0.000 r  
    W5                                                0.000     0.000 r  clk_in (IN)
                         net (fo=0)                   0.000     0.000    clk_in
    W5                   IBUF (Prop_ibuf_I_O)         0.226     0.226 r  clk_in_IBUF_inst/O
                         net (fo=1, routed)           0.631     0.858    clk_in_IBUF
    BUFGCTRL_X0Y0        BUFG (Prop_bufg_I_O)         0.026     0.884 r  clk_in_IBUF_BUFG_inst/O
                         net (fo=27, routed)          0.588     1.471    SC_INST/clk_out1_reg_0
    SLICE_X64Y18         FDRE                                         r  SC_INST/counter_reg[3]/C
  -------------------------------------------------------------------    -------------------
    SLICE_X64Y18         FDRE (Prop_fdre_C_Q)         0.164     1.635 r  SC_INST/counter_reg[3]/Q
                         net (fo=2, routed)           0.127     1.762    SC_INST/counter[3]
    SLICE_X64Y18         CARRY4 (Prop_carry4_S[2]_O[2])
                                                      0.110     1.872 r  SC_INST/counter0_carry/O[2]
                         net (fo=1, routed)           0.000     1.872    SC_INST/p_1_in[3]
    SLICE_X64Y18         FDRE                                         r  SC_INST/counter_reg[3]/D
  -------------------------------------------------------------------    -------------------

                         (clock sys_clk_pin rise edge)
                                                      0.000     0.000 r  
    W5                                                0.000     0.000 r  clk_in (IN)
                         net (fo=0)                   0.000     0.000    clk_in
    W5                   IBUF (Prop_ibuf_I_O)         0.414     0.414 r  clk_in_IBUF_inst/O
                         net (fo=1, routed)           0.685     1.099    clk_in_IBUF
    BUFGCTRL_X0Y0        BUFG (Prop_bufg_I_O)         0.029     1.128 r  clk_in_IBUF_BUFG_inst/O
                         net (fo=27, routed)          0.857     1.984    SC_INST/clk_out1_reg_0
    SLICE_X64Y18         FDRE                                         r  SC_INST/counter_reg[3]/C
                         clock pessimism             -0.513     1.471    
    SLICE_X64Y18         FDRE (Hold_fdre_C_D)         0.134     1.605    SC_INST/counter_reg[3]
  -------------------------------------------------------------------
                         required time                         -1.605    
                         arrival time                           1.872    
  -------------------------------------------------------------------
                         slack                                  0.267    

Slack (MET) :             0.275ns  (arrival time - required time)
  Source:                 SC_INST/counter_reg[6]/C
                            (rising edge-triggered cell FDRE clocked by sys_clk_pin  {rise@0.000ns fall@5.000ns period=10.000ns})
  Destination:            SC_INST/clk_out1_reg/D
                            (rising edge-triggered cell FDRE clocked by sys_clk_pin  {rise@0.000ns fall@5.000ns period=10.000ns})
  Path Group:             sys_clk_pin
  Path Type:              Hold (Min at Fast Process Corner)
  Requirement:            0.000ns  (sys_clk_pin rise@0.000ns - sys_clk_pin rise@0.000ns)
  Data Path Delay:        0.379ns  (logic 0.254ns (66.975%)  route 0.125ns (33.025%))
  Logic Levels:           2  (LUT6=2)
  Clock Path Skew:        0.013ns (DCD - SCD - CPR)
    Destination Clock Delay (DCD):    1.983ns
    Source Clock Delay      (SCD):    1.470ns
    Clock Pessimism Removal (CPR):    0.500ns

    Location             Delay type                Incr(ns)  Path(ns)    Netlist Resource(s)
  -------------------------------------------------------------------    -------------------
                         (clock sys_clk_pin rise edge)
                                                      0.000     0.000 r  
    W5                                                0.000     0.000 r  clk_in (IN)
                         net (fo=0)                   0.000     0.000    clk_in
    W5                   IBUF (Prop_ibuf_I_O)         0.226     0.226 r  clk_in_IBUF_inst/O
                         net (fo=1, routed)           0.631     0.858    clk_in_IBUF
    BUFGCTRL_X0Y0        BUFG (Prop_bufg_I_O)         0.026     0.884 r  clk_in_IBUF_BUFG_inst/O
                         net (fo=27, routed)          0.587     1.470    SC_INST/clk_out1_reg_0
    SLICE_X64Y19         FDRE                                         r  SC_INST/counter_reg[6]/C
  -------------------------------------------------------------------    -------------------
    SLICE_X64Y19         FDRE (Prop_fdre_C_Q)         0.164     1.634 f  SC_INST/counter_reg[6]/Q
                         net (fo=2, routed)           0.063     1.697    SC_INST/counter[6]
    SLICE_X65Y19         LUT6 (Prop_lut6_I5_O)        0.045     1.742 r  SC_INST/counter[25]_i_2/O
                         net (fo=2, routed)           0.063     1.804    SC_INST/counter[25]_i_2_n_0
    SLICE_X65Y19         LUT6 (Prop_lut6_I4_O)        0.045     1.849 r  SC_INST/clk_out1_i_1/O
                         net (fo=1, routed)           0.000     1.849    SC_INST/clk_out1_i_1_n_0
    SLICE_X65Y19         FDRE                                         r  SC_INST/clk_out1_reg/D
  -------------------------------------------------------------------    -------------------

                         (clock sys_clk_pin rise edge)
                                                      0.000     0.000 r  
    W5                                                0.000     0.000 r  clk_in (IN)
                         net (fo=0)                   0.000     0.000    clk_in
    W5                   IBUF (Prop_ibuf_I_O)         0.414     0.414 r  clk_in_IBUF_inst/O
                         net (fo=1, routed)           0.685     1.099    clk_in_IBUF
    BUFGCTRL_X0Y0        BUFG (Prop_bufg_I_O)         0.029     1.128 r  clk_in_IBUF_BUFG_inst/O
                         net (fo=27, routed)          0.856     1.983    SC_INST/clk_out1_reg_0
    SLICE_X65Y19         FDRE                                         r  SC_INST/clk_out1_reg/C
                         clock pessimism             -0.500     1.483    
    SLICE_X65Y19         FDRE (Hold_fdre_C_D)         0.091     1.574    SC_INST/clk_out1_reg
  -------------------------------------------------------------------
                         required time                         -1.574    
                         arrival time                           1.849    
  -------------------------------------------------------------------
                         slack                                  0.275    

Slack (MET) :             0.280ns  (arrival time - required time)
  Source:                 SC_INST/counter_reg[0]/C
                            (rising edge-triggered cell FDRE clocked by sys_clk_pin  {rise@0.000ns fall@5.000ns period=10.000ns})
  Destination:            SC_INST/counter_reg[1]/D
                            (rising edge-triggered cell FDRE clocked by sys_clk_pin  {rise@0.000ns fall@5.000ns period=10.000ns})
  Path Group:             sys_clk_pin
  Path Type:              Hold (Min at Fast Process Corner)
  Requirement:            0.000ns  (sys_clk_pin rise@0.000ns - sys_clk_pin rise@0.000ns)
  Data Path Delay:        0.427ns  (logic 0.299ns (69.964%)  route 0.128ns (30.036%))
  Logic Levels:           1  (CARRY4=1)
  Clock Path Skew:        0.013ns (DCD - SCD - CPR)
    Destination Clock Delay (DCD):    1.984ns
    Source Clock Delay      (SCD):    1.471ns
    Clock Pessimism Removal (CPR):    0.500ns

    Location             Delay type                Incr(ns)  Path(ns)    Netlist Resource(s)
  -------------------------------------------------------------------    -------------------
                         (clock sys_clk_pin rise edge)
                                                      0.000     0.000 r  
    W5                                                0.000     0.000 r  clk_in (IN)
                         net (fo=0)                   0.000     0.000    clk_in
    W5                   IBUF (Prop_ibuf_I_O)         0.226     0.226 r  clk_in_IBUF_inst/O
                         net (fo=1, routed)           0.631     0.858    clk_in_IBUF
    BUFGCTRL_X0Y0        BUFG (Prop_bufg_I_O)         0.026     0.884 r  clk_in_IBUF_BUFG_inst/O
                         net (fo=27, routed)          0.588     1.471    SC_INST/clk_out1_reg_0
    SLICE_X65Y18         FDRE                                         r  SC_INST/counter_reg[0]/C
  -------------------------------------------------------------------    -------------------
    SLICE_X65Y18         FDRE (Prop_fdre_C_Q)         0.141     1.612 r  SC_INST/counter_reg[0]/Q
                         net (fo=4, routed)           0.128     1.740    SC_INST/counter[0]
    SLICE_X64Y18         CARRY4 (Prop_carry4_CYINIT_O[0])
                                                      0.158     1.898 r  SC_INST/counter0_carry/O[0]
                         net (fo=1, routed)           0.000     1.898    SC_INST/p_1_in[1]
    SLICE_X64Y18         FDRE                                         r  SC_INST/counter_reg[1]/D
  -------------------------------------------------------------------    -------------------

                         (clock sys_clk_pin rise edge)
                                                      0.000     0.000 r  
    W5                                                0.000     0.000 r  clk_in (IN)
                         net (fo=0)                   0.000     0.000    clk_in
    W5                   IBUF (Prop_ibuf_I_O)         0.414     0.414 r  clk_in_IBUF_inst/O
                         net (fo=1, routed)           0.685     1.099    clk_in_IBUF
    BUFGCTRL_X0Y0        BUFG (Prop_bufg_I_O)         0.029     1.128 r  clk_in_IBUF_BUFG_inst/O
                         net (fo=27, routed)          0.857     1.984    SC_INST/clk_out1_reg_0
    SLICE_X64Y18         FDRE                                         r  SC_INST/counter_reg[1]/C
                         clock pessimism             -0.500     1.484    
    SLICE_X64Y18         FDRE (Hold_fdre_C_D)         0.134     1.618    SC_INST/counter_reg[1]
  -------------------------------------------------------------------
                         required time                         -1.618    
                         arrival time                           1.898    
  -------------------------------------------------------------------
                         slack                                  0.280    

Slack (MET) :             0.301ns  (arrival time - required time)
  Source:                 SC_INST/counter_reg[23]/C
                            (rising edge-triggered cell FDRE clocked by sys_clk_pin  {rise@0.000ns fall@5.000ns period=10.000ns})
  Destination:            SC_INST/counter_reg[24]/D
                            (rising edge-triggered cell FDRE clocked by sys_clk_pin  {rise@0.000ns fall@5.000ns period=10.000ns})
  Path Group:             sys_clk_pin
  Path Type:              Hold (Min at Fast Process Corner)
  Requirement:            0.000ns  (sys_clk_pin rise@0.000ns - sys_clk_pin rise@0.000ns)
  Data Path Delay:        0.435ns  (logic 0.310ns (71.185%)  route 0.125ns (28.815%))
  Logic Levels:           1  (CARRY4=1)
  Clock Path Skew:        0.000ns (DCD - SCD - CPR)
    Destination Clock Delay (DCD):    1.978ns
    Source Clock Delay      (SCD):    1.466ns
    Clock Pessimism Removal (CPR):    0.512ns

    Location             Delay type                Incr(ns)  Path(ns)    Netlist Resource(s)
  -------------------------------------------------------------------    -------------------
                         (clock sys_clk_pin rise edge)
                                                      0.000     0.000 r  
    W5                                                0.000     0.000 r  clk_in (IN)
                         net (fo=0)                   0.000     0.000    clk_in
    W5                   IBUF (Prop_ibuf_I_O)         0.226     0.226 r  clk_in_IBUF_inst/O
                         net (fo=1, routed)           0.631     0.858    clk_in_IBUF
    BUFGCTRL_X0Y0        BUFG (Prop_bufg_I_O)         0.026     0.884 r  clk_in_IBUF_BUFG_inst/O
                         net (fo=27, routed)          0.583     1.466    SC_INST/clk_out1_reg_0
    SLICE_X64Y23         FDRE                                         r  SC_INST/counter_reg[23]/C
  -------------------------------------------------------------------    -------------------
    SLICE_X64Y23         FDRE (Prop_fdre_C_Q)         0.164     1.630 r  SC_INST/counter_reg[23]/Q
                         net (fo=2, routed)           0.125     1.756    SC_INST/counter[23]
    SLICE_X64Y23         CARRY4 (Prop_carry4_S[2]_O[3])
                                                      0.146     1.902 r  SC_INST/counter0_carry__4/O[3]
                         net (fo=1, routed)           0.000     1.902    SC_INST/p_1_in[24]
    SLICE_X64Y23         FDRE                                         r  SC_INST/counter_reg[24]/D
  -------------------------------------------------------------------    -------------------

                         (clock sys_clk_pin rise edge)
                                                      0.000     0.000 r  
    W5                                                0.000     0.000 r  clk_in (IN)
                         net (fo=0)                   0.000     0.000    clk_in
    W5                   IBUF (Prop_ibuf_I_O)         0.414     0.414 r  clk_in_IBUF_inst/O
                         net (fo=1, routed)           0.685     1.099    clk_in_IBUF
    BUFGCTRL_X0Y0        BUFG (Prop_bufg_I_O)         0.029     1.128 r  clk_in_IBUF_BUFG_inst/O
                         net (fo=27, routed)          0.851     1.978    SC_INST/clk_out1_reg_0
    SLICE_X64Y23         FDRE                                         r  SC_INST/counter_reg[24]/C
                         clock pessimism             -0.512     1.466    
    SLICE_X64Y23         FDRE (Hold_fdre_C_D)         0.134     1.600    SC_INST/counter_reg[24]
  -------------------------------------------------------------------
                         required time                         -1.600    
                         arrival time                           1.902    
  -------------------------------------------------------------------
                         slack                                  0.301    

Slack (MET) :             0.301ns  (arrival time - required time)
  Source:                 SC_INST/counter_reg[7]/C
                            (rising edge-triggered cell FDRE clocked by sys_clk_pin  {rise@0.000ns fall@5.000ns period=10.000ns})
  Destination:            SC_INST/counter_reg[8]/D
                            (rising edge-triggered cell FDRE clocked by sys_clk_pin  {rise@0.000ns fall@5.000ns period=10.000ns})
  Path Group:             sys_clk_pin
  Path Type:              Hold (Min at Fast Process Corner)
  Requirement:            0.000ns  (sys_clk_pin rise@0.000ns - sys_clk_pin rise@0.000ns)
  Data Path Delay:        0.435ns  (logic 0.310ns (71.185%)  route 0.125ns (28.815%))
  Logic Levels:           1  (CARRY4=1)
  Clock Path Skew:        0.000ns (DCD - SCD - CPR)
    Destination Clock Delay (DCD):    1.983ns
    Source Clock Delay      (SCD):    1.470ns
    Clock Pessimism Removal (CPR):    0.513ns

    Location             Delay type                Incr(ns)  Path(ns)    Netlist Resource(s)
  -------------------------------------------------------------------    -------------------
                         (clock sys_clk_pin rise edge)
                                                      0.000     0.000 r  
    W5                                                0.000     0.000 r  clk_in (IN)
                         net (fo=0)                   0.000     0.000    clk_in
    W5                   IBUF (Prop_ibuf_I_O)         0.226     0.226 r  clk_in_IBUF_inst/O
                         net (fo=1, routed)           0.631     0.858    clk_in_IBUF
    BUFGCTRL_X0Y0        BUFG (Prop_bufg_I_O)         0.026     0.884 r  clk_in_IBUF_BUFG_inst/O
                         net (fo=27, routed)          0.587     1.470    SC_INST/clk_out1_reg_0
    SLICE_X64Y19         FDRE                                         r  SC_INST/counter_reg[7]/C
  -------------------------------------------------------------------    -------------------
    SLICE_X64Y19         FDRE (Prop_fdre_C_Q)         0.164     1.634 r  SC_INST/counter_reg[7]/Q
                         net (fo=2, routed)           0.125     1.760    SC_INST/counter[7]
    SLICE_X64Y19         CARRY4 (Prop_carry4_S[2]_O[3])
                                                      0.146     1.906 r  SC_INST/counter0_carry__0/O[3]
                         net (fo=1, routed)           0.000     1.906    SC_INST/p_1_in[8]
    SLICE_X64Y19         FDRE                                         r  SC_INST/counter_reg[8]/D
  -------------------------------------------------------------------    -------------------

                         (clock sys_clk_pin rise edge)
                                                      0.000     0.000 r  
    W5                                                0.000     0.000 r  clk_in (IN)
                         net (fo=0)                   0.000     0.000    clk_in
    W5                   IBUF (Prop_ibuf_I_O)         0.414     0.414 r  clk_in_IBUF_inst/O
                         net (fo=1, routed)           0.685     1.099    clk_in_IBUF
    BUFGCTRL_X0Y0        BUFG (Prop_bufg_I_O)         0.029     1.128 r  clk_in_IBUF_BUFG_inst/O
                         net (fo=27, routed)          0.856     1.983    SC_INST/clk_out1_reg_0
    SLICE_X64Y19         FDRE                                         r  SC_INST/counter_reg[8]/C
                         clock pessimism             -0.513     1.470    
    SLICE_X64Y19         FDRE (Hold_fdre_C_D)         0.134     1.604    SC_INST/counter_reg[8]
  -------------------------------------------------------------------
                         required time                         -1.604    
                         arrival time                           1.906    
  -------------------------------------------------------------------
                         slack                                  0.301    





Pulse Width Checks
--------------------------------------------------------------------------------------
Clock Name:         sys_clk_pin
Waveform(ns):       { 0.000 5.000 }
Period(ns):         10.000
Sources:            { clk_in }

Check Type        Corner  Lib Pin  Reference Pin  Required(ns)  Actual(ns)  Slack(ns)  Location       Pin
Min Period        n/a     BUFG/I   n/a            2.155         10.000      7.845      BUFGCTRL_X0Y0  clk_in_IBUF_BUFG_inst/I
Min Period        n/a     FDRE/C   n/a            1.000         10.000      9.000      SLICE_X65Y19   SC_INST/clk_out1_reg/C
Min Period        n/a     FDRE/C   n/a            1.000         10.000      9.000      SLICE_X65Y18   SC_INST/counter_reg[0]/C
Min Period        n/a     FDRE/C   n/a            1.000         10.000      9.000      SLICE_X64Y20   SC_INST/counter_reg[10]/C
Min Period        n/a     FDRE/C   n/a            1.000         10.000      9.000      SLICE_X64Y20   SC_INST/counter_reg[11]/C
Min Period        n/a     FDRE/C   n/a            1.000         10.000      9.000      SLICE_X64Y20   SC_INST/counter_reg[12]/C
Min Period        n/a     FDRE/C   n/a            1.000         10.000      9.000      SLICE_X64Y21   SC_INST/counter_reg[13]/C
Min Period        n/a     FDRE/C   n/a            1.000         10.000      9.000      SLICE_X64Y21   SC_INST/counter_reg[14]/C
Min Period        n/a     FDRE/C   n/a            1.000         10.000      9.000      SLICE_X64Y21   SC_INST/counter_reg[15]/C
Min Period        n/a     FDRE/C   n/a            1.000         10.000      9.000      SLICE_X64Y21   SC_INST/counter_reg[16]/C
Low Pulse Width   Slow    FDRE/C   n/a            0.500         5.000       4.500      SLICE_X65Y19   SC_INST/clk_out1_reg/C
Low Pulse Width   Fast    FDRE/C   n/a            0.500         5.000       4.500      SLICE_X65Y19   SC_INST/clk_out1_reg/C
Low Pulse Width   Slow    FDRE/C   n/a            0.500         5.000       4.500      SLICE_X65Y18   SC_INST/counter_reg[0]/C
Low Pulse Width   Fast    FDRE/C   n/a            0.500         5.000       4.500      SLICE_X65Y18   SC_INST/counter_reg[0]/C
Low Pulse Width   Slow    FDRE/C   n/a            0.500         5.000       4.500      SLICE_X64Y20   SC_INST/counter_reg[10]/C
Low Pulse Width   Fast    FDRE/C   n/a            0.500         5.000       4.500      SLICE_X64Y20   SC_INST/counter_reg[10]/C
Low Pulse Width   Slow    FDRE/C   n/a            0.500         5.000       4.500      SLICE_X64Y20   SC_INST/counter_reg[11]/C
Low Pulse Width   Fast    FDRE/C   n/a            0.500         5.000       4.500      SLICE_X64Y20   SC_INST/counter_reg[11]/C
Low Pulse Width   Slow    FDRE/C   n/a            0.500         5.000       4.500      SLICE_X64Y20   SC_INST/counter_reg[12]/C
Low Pulse Width   Fast    FDRE/C   n/a            0.500         5.000       4.500      SLICE_X64Y20   SC_INST/counter_reg[12]/C
High Pulse Width  Slow    FDRE/C   n/a            0.500         5.000       4.500      SLICE_X65Y19   SC_INST/clk_out1_reg/C
High Pulse Width  Fast    FDRE/C   n/a            0.500         5.000       4.500      SLICE_X65Y19   SC_INST/clk_out1_reg/C
High Pulse Width  Slow    FDRE/C   n/a            0.500         5.000       4.500      SLICE_X65Y18   SC_INST/counter_reg[0]/C
High Pulse Width  Fast    FDRE/C   n/a            0.500         5.000       4.500      SLICE_X65Y18   SC_INST/counter_reg[0]/C
High Pulse Width  Slow    FDRE/C   n/a            0.500         5.000       4.500      SLICE_X64Y20   SC_INST/counter_reg[10]/C
High Pulse Width  Fast    FDRE/C   n/a            0.500         5.000       4.500      SLICE_X64Y20   SC_INST/counter_reg[10]/C
High Pulse Width  Slow    FDRE/C   n/a            0.500         5.000       4.500      SLICE_X64Y20   SC_INST/counter_reg[11]/C
High Pulse Width  Fast    FDRE/C   n/a            0.500         5.000       4.500      SLICE_X64Y20   SC_INST/counter_reg[11]/C
High Pulse Width  Slow    FDRE/C   n/a            0.500         5.000       4.500      SLICE_X64Y20   SC_INST/counter_reg[12]/C
High Pulse Width  Fast    FDRE/C   n/a            0.500         5.000       4.500      SLICE_X64Y20   SC_INST/counter_reg[12]/C



--------------------------------------------------------------------------------------
Path Group:  (none)
From Clock:  
  To Clock:  

Max Delay            25 Endpoints
Min Delay            25 Endpoints
--------------------------------------------------------------------------------------


Max Delay Paths
--------------------------------------------------------------------------------------
Slack:                    inf
  Source:                 parking_slots[0]
                            (input port)
  Destination:            parking_slots_avail[0]
                            (output port)
  Path Group:             (none)
  Path Type:              Max at Slow Process Corner
  Data Path Delay:        11.107ns  (logic 5.082ns (45.750%)  route 6.026ns (54.250%))
  Logic Levels:           3  (IBUF=1 LUT1=1 OBUF=1)

    Location             Delay type                Incr(ns)  Path(ns)    Netlist Resource(s)
  -------------------------------------------------------------------    -------------------
    V17                                               0.000     0.000 f  parking_slots[0] (IN)
                         net (fo=0)                   0.000     0.000    parking_slots[0]
    V17                  IBUF (Prop_ibuf_I_O)         1.453     1.453 f  parking_slots_IBUF[0]_inst/O
                         net (fo=3, routed)           2.569     4.022    parking_slots_IBUF[0]
    SLICE_X52Y20         LUT1 (Prop_lut1_I0_O)        0.124     4.146 r  g0_b0/O
                         net (fo=1, routed)           3.457     7.603    parking_slots_avail_OBUF[0]
    U16                  OBUF (Prop_obuf_I_O)         3.505    11.107 r  parking_slots_avail_OBUF[0]_inst/O
                         net (fo=0)                   0.000    11.107    parking_slots_avail[0]
    U16                                                               r  parking_slots_avail[0] (OUT)
  -------------------------------------------------------------------    -------------------

Slack:                    inf
  Source:                 parking_slots[1]
                            (input port)
  Destination:            parking_slots_avail[1]
                            (output port)
  Path Group:             (none)
  Path Type:              Max at Slow Process Corner
  Data Path Delay:        8.912ns  (logic 5.115ns (57.395%)  route 3.797ns (42.605%))
  Logic Levels:           3  (IBUF=1 LUT1=1 OBUF=1)

    Location             Delay type                Incr(ns)  Path(ns)    Netlist Resource(s)
  -------------------------------------------------------------------    -------------------
    V16                                               0.000     0.000 f  parking_slots[1] (IN)
                         net (fo=0)                   0.000     0.000    parking_slots[1]
    V16                  IBUF (Prop_ibuf_I_O)         1.461     1.461 f  parking_slots_IBUF[1]_inst/O
                         net (fo=3, routed)           1.474     2.935    parking_slots_IBUF[1]
    SLICE_X0Y23          LUT1 (Prop_lut1_I0_O)        0.124     3.059 r  g0_b1/O
                         net (fo=1, routed)           2.323     5.382    parking_slots_avail_OBUF[1]
    E19                  OBUF (Prop_obuf_I_O)         3.530     8.912 r  parking_slots_avail_OBUF[1]_inst/O
                         net (fo=0)                   0.000     8.912    parking_slots_avail[1]
    E19                                                               r  parking_slots_avail[1] (OUT)
  -------------------------------------------------------------------    -------------------

Slack:                    inf
  Source:                 parking_slots[3]
                            (input port)
  Destination:            parking_slots_avail[3]
                            (output port)
  Path Group:             (none)
  Path Type:              Max at Slow Process Corner
  Data Path Delay:        8.543ns  (logic 5.082ns (59.480%)  route 3.462ns (40.520%))
  Logic Levels:           3  (IBUF=1 LUT1=1 OBUF=1)

    Location             Delay type                Incr(ns)  Path(ns)    Netlist Resource(s)
  -------------------------------------------------------------------    -------------------
    W17                                               0.000     0.000 f  parking_slots[3] (IN)
                         net (fo=0)                   0.000     0.000    parking_slots[3]
    W17                  IBUF (Prop_ibuf_I_O)         1.448     1.448 f  parking_slots_IBUF[3]_inst/O
                         net (fo=3, routed)           1.775     3.224    parking_slots_IBUF[3]
    SLICE_X0Y19          LUT1 (Prop_lut1_I0_O)        0.124     3.348 r  g0_b3/O
                         net (fo=1, routed)           1.686     5.034    parking_slots_avail_OBUF[3]
    V19                  OBUF (Prop_obuf_I_O)         3.509     8.543 r  parking_slots_avail_OBUF[3]_inst/O
                         net (fo=0)                   0.000     8.543    parking_slots_avail[3]
    V19                                                               r  parking_slots_avail[3] (OUT)
  -------------------------------------------------------------------    -------------------

Slack:                    inf
  Source:                 parking_slots[4]
                            (input port)
  Destination:            parking_slots_avail[4]
                            (output port)
  Path Group:             (none)
  Path Type:              Max at Slow Process Corner
  Data Path Delay:        8.537ns  (logic 5.083ns (59.542%)  route 3.454ns (40.458%))
  Logic Levels:           3  (IBUF=1 LUT1=1 OBUF=1)

    Location             Delay type                Incr(ns)  Path(ns)    Netlist Resource(s)
  -------------------------------------------------------------------    -------------------
    W15                                               0.000     0.000 f  parking_slots[4] (IN)
                         net (fo=0)                   0.000     0.000    parking_slots[4]
    W15                  IBUF (Prop_ibuf_I_O)         1.451     1.451 f  parking_slots_IBUF[4]_inst/O
                         net (fo=3, routed)           1.787     3.237    parking_slots_IBUF[4]
    SLICE_X0Y17          LUT1 (Prop_lut1_I0_O)        0.124     3.361 r  g0_b4/O
                         net (fo=1, routed)           1.668     5.029    parking_slots_avail_OBUF[4]
    W18                  OBUF (Prop_obuf_I_O)         3.509     8.537 r  parking_slots_avail_OBUF[4]_inst/O
                         net (fo=0)                   0.000     8.537    parking_slots_avail[4]
    W18                                                               r  parking_slots_avail[4] (OUT)
  -------------------------------------------------------------------    -------------------

Slack:                    inf
  Source:                 parking_slots[2]
                            (input port)
  Destination:            parking_slots_avail[2]
                            (output port)
  Path Group:             (none)
  Path Type:              Max at Slow Process Corner
  Data Path Delay:        8.374ns  (logic 5.089ns (60.766%)  route 3.286ns (39.234%))
  Logic Levels:           3  (IBUF=1 LUT1=1 OBUF=1)

    Location             Delay type                Incr(ns)  Path(ns)    Netlist Resource(s)
  -------------------------------------------------------------------    -------------------
    W16                                               0.000     0.000 f  parking_slots[2] (IN)
                         net (fo=0)                   0.000     0.000    parking_slots[2]
    W16                  IBUF (Prop_ibuf_I_O)         1.464     1.464 f  parking_slots_IBUF[2]_inst/O
                         net (fo=3, routed)           1.618     3.082    parking_slots_IBUF[2]
    SLICE_X0Y19          LUT1 (Prop_lut1_I0_O)        0.124     3.206 r  g0_b2/O
                         net (fo=1, routed)           1.668     4.873    parking_slots_avail_OBUF[2]
    U19                  OBUF (Prop_obuf_I_O)         3.501     8.374 r  parking_slots_avail_OBUF[2]_inst/O
                         net (fo=0)                   0.000     8.374    parking_slots_avail[2]
    U19                                                               r  parking_slots_avail[2] (OUT)
  -------------------------------------------------------------------    -------------------

Slack:                    inf
  Source:                 display_reg[2]/C
                            (rising edge-triggered cell FDRE)
  Destination:            seg[6]
                            (output port)
  Path Group:             (none)
  Path Type:              Max at Slow Process Corner
  Data Path Delay:        7.525ns  (logic 4.401ns (58.492%)  route 3.123ns (41.508%))
  Logic Levels:           3  (FDRE=1 LUT3=1 OBUF=1)

    Location             Delay type                Incr(ns)  Path(ns)    Netlist Resource(s)
  -------------------------------------------------------------------    -------------------
    SLICE_X52Y20         FDRE                         0.000     0.000 r  display_reg[2]/C
    SLICE_X52Y20         FDRE (Prop_fdre_C_Q)         0.518     0.518 r  display_reg[2]/Q
                         net (fo=7, routed)           1.092     1.610    SEG_INST/Q[2]
    SLICE_X65Y20         LUT3 (Prop_lut3_I0_O)        0.150     1.760 r  SEG_INST/seg_OBUF[6]_inst_i_1/O
                         net (fo=1, routed)           2.031     3.791    seg_OBUF[6]
    U7                   OBUF (Prop_obuf_I_O)         3.733     7.525 r  seg_OBUF[6]_inst/O
                         net (fo=0)                   0.000     7.525    seg[6]
    U7                                                                r  seg[6] (OUT)
  -------------------------------------------------------------------    -------------------

Slack:                    inf
  Source:                 display_reg[2]/C
                            (rising edge-triggered cell FDRE)
  Destination:            seg[2]
                            (output port)
  Path Group:             (none)
  Path Type:              Max at Slow Process Corner
  Data Path Delay:        7.486ns  (logic 4.410ns (58.910%)  route 3.076ns (41.090%))
  Logic Levels:           3  (FDRE=1 LUT3=1 OBUF=1)

    Location             Delay type                Incr(ns)  Path(ns)    Netlist Resource(s)
  -------------------------------------------------------------------    -------------------
    SLICE_X52Y20         FDRE                         0.000     0.000 r  display_reg[2]/C
    SLICE_X52Y20         FDRE (Prop_fdre_C_Q)         0.518     0.518 r  display_reg[2]/Q
                         net (fo=7, routed)           1.265     1.783    SEG_INST/Q[2]
    SLICE_X65Y20         LUT3 (Prop_lut3_I0_O)        0.154     1.937 r  SEG_INST/seg_OBUF[2]_inst_i_1/O
                         net (fo=1, routed)           1.811     3.748    seg_OBUF[2]
    U8                   OBUF (Prop_obuf_I_O)         3.738     7.486 r  seg_OBUF[2]_inst/O
                         net (fo=0)                   0.000     7.486    seg[2]
    U8                                                                r  seg[2] (OUT)
  -------------------------------------------------------------------    -------------------

Slack:                    inf
  Source:                 display_reg[2]/C
                            (rising edge-triggered cell FDRE)
  Destination:            seg[1]
                            (output port)
  Path Group:             (none)
  Path Type:              Max at Slow Process Corner
  Data Path Delay:        7.364ns  (logic 4.407ns (59.844%)  route 2.957ns (40.156%))
  Logic Levels:           3  (FDRE=1 LUT2=1 OBUF=1)

    Location             Delay type                Incr(ns)  Path(ns)    Netlist Resource(s)
  -------------------------------------------------------------------    -------------------
    SLICE_X52Y20         FDRE                         0.000     0.000 r  display_reg[2]/C
    SLICE_X52Y20         FDRE (Prop_fdre_C_Q)         0.518     0.518 r  display_reg[2]/Q
                         net (fo=7, routed)           1.097     1.615    SEG_INST/Q[2]
    SLICE_X65Y20         LUT2 (Prop_lut2_I0_O)        0.152     1.767 r  SEG_INST/seg_OBUF[1]_inst_i_1/O
                         net (fo=1, routed)           1.860     3.627    seg_OBUF[1]
    W6                   OBUF (Prop_obuf_I_O)         3.737     7.364 r  seg_OBUF[1]_inst/O
                         net (fo=0)                   0.000     7.364    seg[1]
    W6                                                                r  seg[1] (OUT)
  -------------------------------------------------------------------    -------------------

Slack:                    inf
  Source:                 display_reg[2]/C
                            (rising edge-triggered cell FDRE)
  Destination:            seg[5]
                            (output port)
  Path Group:             (none)
  Path Type:              Max at Slow Process Corner
  Data Path Delay:        7.267ns  (logic 4.146ns (57.058%)  route 3.121ns (42.942%))
  Logic Levels:           3  (FDRE=1 LUT3=1 OBUF=1)

    Location             Delay type                Incr(ns)  Path(ns)    Netlist Resource(s)
  -------------------------------------------------------------------    -------------------
    SLICE_X52Y20         FDRE                         0.000     0.000 r  display_reg[2]/C
    SLICE_X52Y20         FDRE (Prop_fdre_C_Q)         0.518     0.518 r  display_reg[2]/Q
                         net (fo=7, routed)           1.265     1.783    SEG_INST/Q[2]
    SLICE_X65Y20         LUT3 (Prop_lut3_I1_O)        0.124     1.907 r  SEG_INST/seg_OBUF[5]_inst_i_1/O
                         net (fo=1, routed)           1.855     3.763    seg_OBUF[5]
    V5                   OBUF (Prop_obuf_I_O)         3.504     7.267 r  seg_OBUF[5]_inst/O
                         net (fo=0)                   0.000     7.267    seg[5]
    V5                                                                r  seg[5] (OUT)
  -------------------------------------------------------------------    -------------------

Slack:                    inf
  Source:                 display_reg[2]/C
                            (rising edge-triggered cell FDRE)
  Destination:            seg[0]
                            (output port)
  Path Group:             (none)
  Path Type:              Max at Slow Process Corner
  Data Path Delay:        7.168ns  (logic 4.153ns (57.937%)  route 3.015ns (42.063%))
  Logic Levels:           3  (FDRE=1 LUT2=1 OBUF=1)

    Location             Delay type                Incr(ns)  Path(ns)    Netlist Resource(s)
  -------------------------------------------------------------------    -------------------
    SLICE_X52Y20         FDRE                         0.000     0.000 r  display_reg[2]/C
    SLICE_X52Y20         FDRE (Prop_fdre_C_Q)         0.518     0.518 r  display_reg[2]/Q
                         net (fo=7, routed)           1.238     1.756    SEG_INST/Q[2]
    SLICE_X65Y21         LUT2 (Prop_lut2_I0_O)        0.124     1.880 r  SEG_INST/seg_OBUF[0]_inst_i_1/O
                         net (fo=1, routed)           1.777     3.657    seg_OBUF[0]
    W7                   OBUF (Prop_obuf_I_O)         3.511     7.168 r  seg_OBUF[0]_inst/O
                         net (fo=0)                   0.000     7.168    seg[0]
    W7                                                                r  seg[0] (OUT)
  -------------------------------------------------------------------    -------------------





Min Delay Paths
--------------------------------------------------------------------------------------
Slack:                    inf
  Source:                 enable_reg[0]/C
                            (rising edge-triggered cell FDRE)
  Destination:            an_reg[0]/D
  Path Group:             (none)
  Path Type:              Min at Fast Process Corner
  Data Path Delay:        0.371ns  (logic 0.226ns (60.893%)  route 0.145ns (39.107%))
  Logic Levels:           2  (FDRE=1 LUT2=1)

    Location             Delay type                Incr(ns)  Path(ns)    Netlist Resource(s)
  -------------------------------------------------------------------    -------------------
    SLICE_X65Y22         FDRE                         0.000     0.000 r  enable_reg[0]/C
    SLICE_X65Y22         FDRE (Prop_fdre_C_Q)         0.128     0.128 r  enable_reg[0]/Q
                         net (fo=9, routed)           0.145     0.273    enable[0]
    SLICE_X65Y22         LUT2 (Prop_lut2_I1_O)        0.098     0.371 r  an[0]_i_1/O
                         net (fo=1, routed)           0.000     0.371    an[0]_i_1_n_0
    SLICE_X65Y22         FDRE                                         r  an_reg[0]/D
  -------------------------------------------------------------------    -------------------

Slack:                    inf
  Source:                 enable_reg[0]/C
                            (rising edge-triggered cell FDRE)
  Destination:            an_reg[1]/D
  Path Group:             (none)
  Path Type:              Min at Fast Process Corner
  Data Path Delay:        0.372ns  (logic 0.226ns (60.730%)  route 0.146ns (39.270%))
  Logic Levels:           2  (FDRE=1 LUT2=1)

    Location             Delay type                Incr(ns)  Path(ns)    Netlist Resource(s)
  -------------------------------------------------------------------    -------------------
    SLICE_X65Y22         FDRE                         0.000     0.000 r  enable_reg[0]/C
    SLICE_X65Y22         FDRE (Prop_fdre_C_Q)         0.128     0.128 f  enable_reg[0]/Q
                         net (fo=9, routed)           0.146     0.274    enable[0]
    SLICE_X65Y22         LUT2 (Prop_lut2_I1_O)        0.098     0.372 r  an[1]_i_1/O
                         net (fo=1, routed)           0.000     0.372    an[1]_i_1_n_0
    SLICE_X65Y22         FDRE                                         r  an_reg[1]/D
  -------------------------------------------------------------------    -------------------

Slack:                    inf
  Source:                 enable_reg[0]/C
                            (rising edge-triggered cell FDRE)
  Destination:            enable_reg[1]/D
  Path Group:             (none)
  Path Type:              Min at Fast Process Corner
  Data Path Delay:        0.374ns  (logic 0.229ns (61.207%)  route 0.145ns (38.793%))
  Logic Levels:           2  (FDRE=1 LUT2=1)

    Location             Delay type                Incr(ns)  Path(ns)    Netlist Resource(s)
  -------------------------------------------------------------------    -------------------
    SLICE_X65Y22         FDRE                         0.000     0.000 r  enable_reg[0]/C
    SLICE_X65Y22         FDRE (Prop_fdre_C_Q)         0.128     0.128 r  enable_reg[0]/Q
                         net (fo=9, routed)           0.145     0.273    enable[0]
    SLICE_X65Y22         LUT2 (Prop_lut2_I1_O)        0.101     0.374 r  enable[1]_i_1/O
                         net (fo=1, routed)           0.000     0.374    enable[1]_i_1_n_0
    SLICE_X65Y22         FDRE                                         r  enable_reg[1]/D
  -------------------------------------------------------------------    -------------------

Slack:                    inf
  Source:                 enable_reg[0]/C
                            (rising edge-triggered cell FDRE)
  Destination:            an_reg[2]/D
  Path Group:             (none)
  Path Type:              Min at Fast Process Corner
  Data Path Delay:        0.376ns  (logic 0.230ns (61.147%)  route 0.146ns (38.853%))
  Logic Levels:           2  (FDRE=1 LUT2=1)

    Location             Delay type                Incr(ns)  Path(ns)    Netlist Resource(s)
  -------------------------------------------------------------------    -------------------
    SLICE_X65Y22         FDRE                         0.000     0.000 r  enable_reg[0]/C
    SLICE_X65Y22         FDRE (Prop_fdre_C_Q)         0.128     0.128 r  enable_reg[0]/Q
                         net (fo=9, routed)           0.146     0.274    enable[0]
    SLICE_X65Y22         LUT2 (Prop_lut2_I0_O)        0.102     0.376 r  an[2]_i_1/O
                         net (fo=1, routed)           0.000     0.376    an[2]_i_1_n_0
    SLICE_X65Y22         FDRE                                         r  an_reg[2]/D
  -------------------------------------------------------------------    -------------------

Slack:                    inf
  Source:                 enable_reg[1]/C
                            (rising edge-triggered cell FDRE)
  Destination:            an_reg[3]/D
  Path Group:             (none)
  Path Type:              Min at Fast Process Corner
  Data Path Delay:        0.397ns  (logic 0.227ns (57.242%)  route 0.170ns (42.758%))
  Logic Levels:           2  (FDRE=1 LUT2=1)

    Location             Delay type                Incr(ns)  Path(ns)    Netlist Resource(s)
  -------------------------------------------------------------------    -------------------
    SLICE_X65Y22         FDRE                         0.000     0.000 r  enable_reg[1]/C
    SLICE_X65Y22         FDRE (Prop_fdre_C_Q)         0.128     0.128 f  enable_reg[1]/Q
                         net (fo=7, routed)           0.170     0.298    enable[1]
    SLICE_X65Y22         LUT2 (Prop_lut2_I0_O)        0.099     0.397 r  an[3]_i_1/O
                         net (fo=1, routed)           0.000     0.397    an[3]_i_1_n_0
    SLICE_X65Y22         FDRE                                         r  an_reg[3]/D
  -------------------------------------------------------------------    -------------------

Slack:                    inf
  Source:                 enable_reg[1]/C
                            (rising edge-triggered cell FDRE)
  Destination:            display_reg[1]/D
  Path Group:             (none)
  Path Type:              Min at Fast Process Corner
  Data Path Delay:        0.397ns  (logic 0.226ns (56.989%)  route 0.171ns (43.011%))
  Logic Levels:           2  (FDRE=1 LUT3=1)

    Location             Delay type                Incr(ns)  Path(ns)    Netlist Resource(s)
  -------------------------------------------------------------------    -------------------
    SLICE_X65Y22         FDRE                         0.000     0.000 r  enable_reg[1]/C
    SLICE_X65Y22         FDRE (Prop_fdre_C_Q)         0.128     0.128 f  enable_reg[1]/Q
                         net (fo=7, routed)           0.171     0.299    enable[1]
    SLICE_X65Y22         LUT3 (Prop_lut3_I2_O)        0.098     0.397 r  display[1]_i_1/O
                         net (fo=1, routed)           0.000     0.397    display[1]_i_1_n_0
    SLICE_X65Y22         FDRE                                         r  display_reg[1]/D
  -------------------------------------------------------------------    -------------------

Slack:                    inf
  Source:                 enable_reg[1]/C
                            (rising edge-triggered cell FDRE)
  Destination:            display_reg[0]/D
  Path Group:             (none)
  Path Type:              Min at Fast Process Corner
  Data Path Delay:        0.398ns  (logic 0.227ns (57.098%)  route 0.171ns (42.902%))
  Logic Levels:           2  (FDRE=1 LUT3=1)

    Location             Delay type                Incr(ns)  Path(ns)    Netlist Resource(s)
  -------------------------------------------------------------------    -------------------
    SLICE_X65Y22         FDRE                         0.000     0.000 r  enable_reg[1]/C
    SLICE_X65Y22         FDRE (Prop_fdre_C_Q)         0.128     0.128 f  enable_reg[1]/Q
                         net (fo=7, routed)           0.171     0.299    enable[1]
    SLICE_X65Y22         LUT3 (Prop_lut3_I2_O)        0.099     0.398 r  display[0]_i_1/O
                         net (fo=1, routed)           0.000     0.398    display[0]_i_1_n_0
    SLICE_X65Y22         FDRE                                         r  display_reg[0]/D
  -------------------------------------------------------------------    -------------------

Slack:                    inf
  Source:                 enable_reg[0]/C
                            (rising edge-triggered cell FDRE)
  Destination:            enable_reg[0]/D
  Path Group:             (none)
  Path Type:              Min at Fast Process Corner
  Data Path Delay:        0.510ns  (logic 0.225ns (44.105%)  route 0.285ns (55.895%))
  Logic Levels:           2  (FDRE=1 LUT1=1)

    Location             Delay type                Incr(ns)  Path(ns)    Netlist Resource(s)
  -------------------------------------------------------------------    -------------------
    SLICE_X65Y22         FDRE                         0.000     0.000 r  enable_reg[0]/C
    SLICE_X65Y22         FDRE (Prop_fdre_C_Q)         0.128     0.128 f  enable_reg[0]/Q
                         net (fo=9, routed)           0.285     0.413    enable[0]
    SLICE_X65Y22         LUT1 (Prop_lut1_I0_O)        0.097     0.510 r  enable[0]_i_1/O
                         net (fo=1, routed)           0.000     0.510    enable[0]_i_1_n_0
    SLICE_X65Y22         FDRE                                         r  enable_reg[0]/D
  -------------------------------------------------------------------    -------------------

Slack:                    inf
  Source:                 enable_reg[0]/C
                            (rising edge-triggered cell FDRE)
  Destination:            display_reg[2]/D
  Path Group:             (none)
  Path Type:              Min at Fast Process Corner
  Data Path Delay:        0.777ns  (logic 0.226ns (29.094%)  route 0.551ns (70.906%))
  Logic Levels:           2  (FDRE=1 LUT6=1)

    Location             Delay type                Incr(ns)  Path(ns)    Netlist Resource(s)
  -------------------------------------------------------------------    -------------------
    SLICE_X65Y22         FDRE                         0.000     0.000 r  enable_reg[0]/C
    SLICE_X65Y22         FDRE (Prop_fdre_C_Q)         0.128     0.128 r  enable_reg[0]/Q
                         net (fo=9, routed)           0.551     0.679    enable[0]
    SLICE_X52Y20         LUT6 (Prop_lut6_I0_O)        0.098     0.777 r  display[2]_i_1/O
                         net (fo=1, routed)           0.000     0.777    display[2]_i_1_n_0
    SLICE_X52Y20         FDRE                                         r  display_reg[2]/D
  -------------------------------------------------------------------    -------------------

Slack:                    inf
  Source:                 an_reg[1]/C
                            (rising edge-triggered cell FDRE)
  Destination:            an[1]
                            (output port)
  Path Group:             (none)
  Path Type:              Min at Fast Process Corner
  Data Path Delay:        1.733ns  (logic 1.341ns (77.391%)  route 0.392ns (22.609%))
  Logic Levels:           2  (FDRE=1 OBUF=1)

    Location             Delay type                Incr(ns)  Path(ns)    Netlist Resource(s)
  -------------------------------------------------------------------    -------------------
    SLICE_X65Y22         FDRE                         0.000     0.000 r  an_reg[1]/C
    SLICE_X65Y22         FDRE (Prop_fdre_C_Q)         0.141     0.141 r  an_reg[1]/Q
                         net (fo=1, routed)           0.392     0.533    an_OBUF[1]
    U4                   OBUF (Prop_obuf_I_O)         1.200     1.733 r  an_OBUF[1]_inst/O
                         net (fo=0)                   0.000     1.733    an[1]
    U4                                                                r  an[1] (OUT)
  -------------------------------------------------------------------    -------------------





